2026-04-02 13:25:39,346 INFO *******Starting function ['D:\\Bharath\\bharath\\appsource\\mck_auth\\views.py'] : SignIn.get
2026-04-02 13:25:39,433 INFO *******Finished function ['D:\\Bharath\\bharath\\appsource\\mck_auth\\views.py'] : SignIn.get in 0:00:00.086537 seconds
2026-04-02 13:25:41,360 INFO *******Starting function ['D:\\Bharath\\bharath\\appsource\\mck_auth\\views.py'] : SignIn.post
2026-04-02 13:25:41,361 INFO *******Starting function ['D:\\Bharath\\bharath\\appsource\\mck_auth\\api.py'] : user_login
2026-04-02 13:25:41,779 INFO request user: False
2026-04-02 13:25:41,779 INFO *******Finished function ['D:\\Bharath\\bharath\\appsource\\mck_auth\\api.py'] : user_login in 0:00:00.418335 seconds
2026-04-02 13:25:41,779 INFO False Invalid Password {'user': None}
2026-04-02 13:25:41,779 INFO *******Finished function ['D:\\Bharath\\bharath\\appsource\\mck_auth\\views.py'] : SignIn.post in 0:00:00.419333 seconds
2026-04-02 13:25:50,059 INFO *******Starting function ['D:\\Bharath\\bharath\\appsource\\mck_auth\\views.py'] : SignIn.post
2026-04-02 13:25:50,059 INFO *******Starting function ['D:\\Bharath\\bharath\\appsource\\mck_auth\\api.py'] : user_login
2026-04-02 13:25:50,510 INFO request user: True
2026-04-02 13:25:50,510 INFO *******Finished function ['D:\\Bharath\\bharath\\appsource\\mck_auth\\api.py'] : user_login in 0:00:00.451461 seconds
2026-04-02 13:25:50,510 INFO True Success {'user': <User: mck>}
2026-04-02 13:25:50,510 INFO True
2026-04-02 13:25:50,510 INFO *******Finished function ['D:\\Bharath\\bharath\\appsource\\mck_auth\\views.py'] : SignIn.post in 0:00:00.451461 seconds
2026-04-02 13:25:50,513 INFO *******Starting function ['D:\\Bharath\\bharath\\appsource\\mck_master\\views.py'] : ProfileList.get
2026-04-02 13:25:50,513 INFO *******Starting function ['D:\\Bharath\\bharath\\appsource\\mck_auth\\role_validations.py'] : validate_requested_user_function
2026-04-02 13:25:50,513 INFO *******Finished function ['D:\\Bharath\\bharath\\appsource\\mck_auth\\role_validations.py'] : validate_requested_user_function in 0:00:00 seconds
2026-04-02 13:25:50,513 INFO *******Starting function ['D:\\Bharath\\bharath\\appsource\\mck_auth\\build_table.py'] : build_profile_table
2026-04-02 13:25:50,531 INFO *******Finished function ['D:\\Bharath\\bharath\\appsource\\mck_auth\\build_table.py'] : build_profile_table in 0:00:00.018160 seconds
2026-04-02 13:25:50,763 INFO *******Finished function ['D:\\Bharath\\bharath\\appsource\\mck_master\\views.py'] : ProfileList.get in 0:00:00.250594 seconds
2026-04-02 13:25:51,055 INFO *******Starting function ['D:\\Bharath\\bharath\\appsource\\mck_master\\views.py'] : ProfileList.post
2026-04-02 13:25:51,056 INFO *******Starting function ['D:\\Bharath\\bharath\\appsource\\mck_auth\\role_validations.py'] : validate_requested_user_function
2026-04-02 13:25:51,077 INFO *******Finished function ['D:\\Bharath\\bharath\\appsource\\mck_auth\\role_validations.py'] : validate_requested_user_function in 0:00:00.020662 seconds
2026-04-02 13:25:51,077 INFO *******Starting function ['D:\\Bharath\\bharath\\appsource\\mck_auth\\build_table.py'] : build_profile_table
2026-04-02 13:25:51,077 INFO *******Finished function ['D:\\Bharath\\bharath\\appsource\\mck_auth\\build_table.py'] : build_profile_table in 0:00:00 seconds
2026-04-02 13:25:51,081 INFO *******Starting function ['D:\\Bharath\\bharath\\appsource\\mck_master\\api.py'] : profile_load_data
2026-04-02 13:25:51,095 INFO *******Finished function ['D:\\Bharath\\bharath\\appsource\\mck_master\\api.py'] : profile_load_data in 0:00:00.014583 seconds
2026-04-02 13:25:51,096 INFO *******Finished function ['D:\\Bharath\\bharath\\appsource\\mck_master\\views.py'] : ProfileList.post in 0:00:00.040864 seconds
2026-04-02 13:26:04,345 INFO *******Starting function ['D:\\Bharath\\bharath\\appsource\\mck_master\\views.py'] : ProfileUpdateView.get
2026-04-02 13:26:04,345 INFO *******Starting function ['D:\\Bharath\\bharath\\appsource\\mck_auth\\role_validations.py'] : validate_requested_user_function
2026-04-02 13:26:04,353 INFO *******Finished function ['D:\\Bharath\\bharath\\appsource\\mck_auth\\role_validations.py'] : validate_requested_user_function in 0:00:00.007593 seconds
2026-04-02 13:26:04,353 INFO *******Starting function ['D:\\Bharath\\bharath\\appsource\\mck_master\\api.py'] : profile_retrieve_data
2026-04-02 13:26:04,354 INFO *******Finished function ['D:\\Bharath\\bharath\\appsource\\mck_master\\api.py'] : profile_retrieve_data in 0:00:00.001548 seconds
2026-04-02 13:26:04,648 INFO *******Finished function ['D:\\Bharath\\bharath\\appsource\\mck_master\\views.py'] : ProfileUpdateView.get in 0:00:00.302358 seconds
2026-04-02 13:26:09,813 INFO *******Starting function ['D:\\Bharath\\bharath\\appsource\\mck_master\\views.py'] : ProfileUpdateView.post
2026-04-02 13:26:09,813 INFO *******Starting function ['D:\\Bharath\\bharath\\appsource\\mck_auth\\role_validations.py'] : validate_requested_user_function
2026-04-02 13:26:09,818 INFO *******Finished function ['D:\\Bharath\\bharath\\appsource\\mck_auth\\role_validations.py'] : validate_requested_user_function in 0:00:00.005015 seconds
2026-04-02 13:26:09,818 INFO *******Starting function ['D:\\Bharath\\bharath\\appsource\\mck_master\\api.py'] : profile_retrieve_data
2026-04-02 13:26:09,820 INFO *******Finished function ['D:\\Bharath\\bharath\\appsource\\mck_master\\api.py'] : profile_retrieve_data in 0:00:00.001998 seconds
2026-04-02 13:26:09,826 INFO *******Starting function ['D:\\Bharath\\bharath\\appsource\\mck_master\\api.py'] : profile_create_update
2026-04-02 13:26:09,827 ERROR profile_create_update failed
Traceback (most recent call last):
  File "D:\Bharath\bharath\appsource\mck_master\api.py", line 1845, in profile_create_update
    obj.birth_time = datetime.strptime(time_str, "%I:%M %p").time()
                     ^^^^^^^^^^^^^^^^^^^^^^^^^^^^^^^^^^^^^^^
  File "C:\Users\USER\AppData\Local\Programs\Python\Python311\Lib\_strptime.py", line 567, in _strptime_datetime
    tt, fraction, gmtoff_fraction = _strptime(data_string, format)
                                    ^^^^^^^^^^^^^^^^^^^^^^^^^^^^^^
  File "C:\Users\USER\AppData\Local\Programs\Python\Python311\Lib\_strptime.py", line 349, in _strptime
    raise ValueError("time data %r does not match format %r" %
ValueError: time data '03:00:00' does not match format '%I:%M %p'
2026-04-02 13:26:09,850 INFO *******Finished function ['D:\\Bharath\\bharath\\appsource\\mck_master\\api.py'] : profile_create_update in 0:00:00.023925 seconds
2026-04-02 13:26:09,850 INFO *******Finished function ['D:\\Bharath\\bharath\\appsource\\mck_master\\views.py'] : ProfileUpdateView.post in 0:00:00.037204 seconds
2026-04-02 13:26:09,865 INFO *******Starting function ['D:\\Bharath\\bharath\\appsource\\mck_master\\views.py'] : ProfileList.get
2026-04-02 13:26:09,865 INFO *******Starting function ['D:\\Bharath\\bharath\\appsource\\mck_auth\\role_validations.py'] : validate_requested_user_function
2026-04-02 13:26:09,865 INFO *******Finished function ['D:\\Bharath\\bharath\\appsource\\mck_auth\\role_validations.py'] : validate_requested_user_function in 0:00:00 seconds
2026-04-02 13:26:09,865 INFO *******Starting function ['D:\\Bharath\\bharath\\appsource\\mck_auth\\build_table.py'] : build_profile_table
2026-04-02 13:26:09,865 INFO *******Finished function ['D:\\Bharath\\bharath\\appsource\\mck_auth\\build_table.py'] : build_profile_table in 0:00:00 seconds
2026-04-02 13:26:09,865 INFO *******Finished function ['D:\\Bharath\\bharath\\appsource\\mck_master\\views.py'] : ProfileList.get in 0:00:00 seconds
2026-04-02 13:26:10,022 INFO *******Starting function ['D:\\Bharath\\bharath\\appsource\\mck_master\\views.py'] : ProfileList.post
2026-04-02 13:26:10,023 INFO *******Starting function ['D:\\Bharath\\bharath\\appsource\\mck_auth\\role_validations.py'] : validate_requested_user_function
2026-04-02 13:26:10,031 INFO *******Finished function ['D:\\Bharath\\bharath\\appsource\\mck_auth\\role_validations.py'] : validate_requested_user_function in 0:00:00.007909 seconds
2026-04-02 13:26:10,033 INFO *******Starting function ['D:\\Bharath\\bharath\\appsource\\mck_auth\\build_table.py'] : build_profile_table
2026-04-02 13:26:10,033 INFO *******Finished function ['D:\\Bharath\\bharath\\appsource\\mck_auth\\build_table.py'] : build_profile_table in 0:00:00 seconds
2026-04-02 13:26:10,034 INFO *******Starting function ['D:\\Bharath\\bharath\\appsource\\mck_master\\api.py'] : profile_load_data
2026-04-02 13:26:10,037 INFO *******Finished function ['D:\\Bharath\\bharath\\appsource\\mck_master\\api.py'] : profile_load_data in 0:00:00.002717 seconds
2026-04-02 13:26:10,037 INFO *******Finished function ['D:\\Bharath\\bharath\\appsource\\mck_master\\views.py'] : ProfileList.post in 0:00:00.014148 seconds
2026-04-02 14:38:35,413 INFO *******Starting function ['D:\\Bharath\\bharath\\appsource\\mck_master\\views.py'] : ProfileUpdateView.get
2026-04-02 14:38:35,414 INFO *******Starting function ['D:\\Bharath\\bharath\\appsource\\mck_auth\\role_validations.py'] : validate_requested_user_function
2026-04-02 14:38:35,419 INFO *******Finished function ['D:\\Bharath\\bharath\\appsource\\mck_auth\\role_validations.py'] : validate_requested_user_function in 0:00:00.005524 seconds
2026-04-02 14:38:35,419 INFO *******Starting function ['D:\\Bharath\\bharath\\appsource\\mck_master\\api.py'] : profile_retrieve_data
2026-04-02 14:38:35,420 INFO *******Finished function ['D:\\Bharath\\bharath\\appsource\\mck_master\\api.py'] : profile_retrieve_data in 0:00:00.001007 seconds
2026-04-02 14:38:35,468 INFO *******Finished function ['D:\\Bharath\\bharath\\appsource\\mck_master\\views.py'] : ProfileUpdateView.get in 0:00:00.055850 seconds
2026-04-02 14:38:43,717 INFO *******Starting function ['D:\\Bharath\\bharath\\appsource\\mck_master\\views.py'] : ProfileUpdateView.post
2026-04-02 14:38:43,717 INFO *******Starting function ['D:\\Bharath\\bharath\\appsource\\mck_auth\\role_validations.py'] : validate_requested_user_function
2026-04-02 14:38:43,717 INFO *******Finished function ['D:\\Bharath\\bharath\\appsource\\mck_auth\\role_validations.py'] : validate_requested_user_function in 0:00:00 seconds
2026-04-02 14:38:43,717 INFO *******Starting function ['D:\\Bharath\\bharath\\appsource\\mck_master\\api.py'] : profile_retrieve_data
2026-04-02 14:38:43,727 INFO *******Finished function ['D:\\Bharath\\bharath\\appsource\\mck_master\\api.py'] : profile_retrieve_data in 0:00:00.009677 seconds
2026-04-02 14:38:43,732 INFO *******Starting function ['D:\\Bharath\\bharath\\appsource\\mck_master\\api.py'] : profile_create_update
2026-04-02 14:38:43,733 ERROR profile_create_update failed
Traceback (most recent call last):
  File "D:\Bharath\bharath\appsource\mck_master\api.py", line 1845, in profile_create_update
    obj.birth_time = datetime.strptime(time_str, "%I:%M %p").time()
                     ^^^^^^^^^^^^^^^^^^^^^^^^^^^^^^^^^^^^^^^
  File "C:\Users\USER\AppData\Local\Programs\Python\Python311\Lib\_strptime.py", line 567, in _strptime_datetime
    tt, fraction, gmtoff_fraction = _strptime(data_string, format)
                                    ^^^^^^^^^^^^^^^^^^^^^^^^^^^^^^
  File "C:\Users\USER\AppData\Local\Programs\Python\Python311\Lib\_strptime.py", line 349, in _strptime
    raise ValueError("time data %r does not match format %r" %
ValueError: time data '02:00:00' does not match format '%I:%M %p'
2026-04-02 14:38:43,734 INFO *******Finished function ['D:\\Bharath\\bharath\\appsource\\mck_master\\api.py'] : profile_create_update in 0:00:00.002005 seconds
2026-04-02 14:38:43,734 INFO *******Finished function ['D:\\Bharath\\bharath\\appsource\\mck_master\\views.py'] : ProfileUpdateView.post in 0:00:00.016142 seconds
2026-04-02 14:38:43,739 INFO *******Starting function ['D:\\Bharath\\bharath\\appsource\\mck_master\\views.py'] : ProfileList.get
2026-04-02 14:38:43,740 INFO *******Starting function ['D:\\Bharath\\bharath\\appsource\\mck_auth\\role_validations.py'] : validate_requested_user_function
2026-04-02 14:38:43,741 INFO *******Finished function ['D:\\Bharath\\bharath\\appsource\\mck_auth\\role_validations.py'] : validate_requested_user_function in 0:00:00.001000 seconds
2026-04-02 14:38:43,741 INFO *******Starting function ['D:\\Bharath\\bharath\\appsource\\mck_auth\\build_table.py'] : build_profile_table
2026-04-02 14:38:43,741 INFO *******Finished function ['D:\\Bharath\\bharath\\appsource\\mck_auth\\build_table.py'] : build_profile_table in 0:00:00 seconds
2026-04-02 14:38:43,747 INFO *******Finished function ['D:\\Bharath\\bharath\\appsource\\mck_master\\views.py'] : ProfileList.get in 0:00:00.008117 seconds
2026-04-02 14:38:43,904 INFO *******Starting function ['D:\\Bharath\\bharath\\appsource\\mck_master\\views.py'] : ProfileList.post
2026-04-02 14:38:43,904 INFO *******Starting function ['D:\\Bharath\\bharath\\appsource\\mck_auth\\role_validations.py'] : validate_requested_user_function
2026-04-02 14:38:43,909 INFO *******Finished function ['D:\\Bharath\\bharath\\appsource\\mck_auth\\role_validations.py'] : validate_requested_user_function in 0:00:00.005474 seconds
2026-04-02 14:38:43,909 INFO *******Starting function ['D:\\Bharath\\bharath\\appsource\\mck_auth\\build_table.py'] : build_profile_table
2026-04-02 14:38:43,909 INFO *******Finished function ['D:\\Bharath\\bharath\\appsource\\mck_auth\\build_table.py'] : build_profile_table in 0:00:00 seconds
2026-04-02 14:38:43,909 INFO *******Starting function ['D:\\Bharath\\bharath\\appsource\\mck_master\\api.py'] : profile_load_data
2026-04-02 14:38:43,909 INFO *******Finished function ['D:\\Bharath\\bharath\\appsource\\mck_master\\api.py'] : profile_load_data in 0:00:00 seconds
2026-04-02 14:38:43,909 INFO *******Finished function ['D:\\Bharath\\bharath\\appsource\\mck_master\\views.py'] : ProfileList.post in 0:00:00.005474 seconds
2026-04-02 14:39:06,553 INFO *******Starting function ['D:\\Bharath\\bharath\\appsource\\mck_admin_console\\views.py'] : ContactListView.get
2026-04-02 14:39:06,553 INFO *******Starting function ['D:\\Bharath\\bharath\\appsource\\mck_auth\\role_validations.py'] : validate_requested_user_function
2026-04-02 14:39:06,555 INFO *******Finished function ['D:\\Bharath\\bharath\\appsource\\mck_auth\\role_validations.py'] : validate_requested_user_function in 0:00:00.002000 seconds
2026-04-02 14:39:06,555 INFO *******Starting function ['D:\\Bharath\\bharath\\appsource\\mck_auth\\build_table.py'] : build_contact_table
2026-04-02 14:39:06,555 INFO *******Finished function ['D:\\Bharath\\bharath\\appsource\\mck_auth\\build_table.py'] : build_contact_table in 0:00:00 seconds
2026-04-02 14:39:06,558 INFO *******Finished function ['D:\\Bharath\\bharath\\appsource\\mck_admin_console\\views.py'] : ContactListView.get in 0:00:00.004999 seconds
2026-04-02 14:39:06,684 INFO *******Starting function ['D:\\Bharath\\bharath\\appsource\\mck_admin_console\\views.py'] : ContactListView.post
2026-04-02 14:39:06,684 INFO *******Starting function ['D:\\Bharath\\bharath\\appsource\\mck_auth\\role_validations.py'] : validate_requested_user_function
2026-04-02 14:39:06,705 INFO *******Finished function ['D:\\Bharath\\bharath\\appsource\\mck_auth\\role_validations.py'] : validate_requested_user_function in 0:00:00.020063 seconds
2026-04-02 14:39:06,705 INFO *******Starting function ['D:\\Bharath\\bharath\\appsource\\mck_auth\\build_table.py'] : build_contact_table
2026-04-02 14:39:06,705 INFO *******Finished function ['D:\\Bharath\\bharath\\appsource\\mck_auth\\build_table.py'] : build_contact_table in 0:00:00 seconds
2026-04-02 14:39:06,705 INFO *******Starting function ['D:\\Bharath\\bharath\\appsource\\mck_admin_console\\api.py'] : contact_load_data
2026-04-02 14:39:06,707 INFO *******Finished function ['D:\\Bharath\\bharath\\appsource\\mck_admin_console\\api.py'] : contact_load_data in 0:00:00.002832 seconds
2026-04-02 14:39:06,707 INFO *******Finished function ['D:\\Bharath\\bharath\\appsource\\mck_admin_console\\views.py'] : ContactListView.post in 0:00:00.022895 seconds
2026-04-02 14:39:07,974 INFO *******Starting function ['D:\\Bharath\\bharath\\appsource\\mck_admin_console\\views.py'] : GalleryList.get
2026-04-02 14:39:07,974 INFO *******Starting function ['D:\\Bharath\\bharath\\appsource\\mck_auth\\role_validations.py'] : validate_requested_user_function
2026-04-02 14:39:07,976 INFO *******Finished function ['D:\\Bharath\\bharath\\appsource\\mck_auth\\role_validations.py'] : validate_requested_user_function in 0:00:00.002418 seconds
2026-04-02 14:39:07,977 INFO *******Starting function ['D:\\Bharath\\bharath\\appsource\\mck_auth\\build_table.py'] : build_gallery_table
2026-04-02 14:39:07,978 INFO *******Finished function ['D:\\Bharath\\bharath\\appsource\\mck_auth\\build_table.py'] : build_gallery_table in 0:00:00.001006 seconds
2026-04-02 14:39:07,982 INFO *******Finished function ['D:\\Bharath\\bharath\\appsource\\mck_admin_console\\views.py'] : GalleryList.get in 0:00:00.008044 seconds
2026-04-02 14:39:08,100 INFO *******Starting function ['D:\\Bharath\\bharath\\appsource\\mck_admin_console\\views.py'] : GalleryList.post
2026-04-02 14:39:08,100 INFO *******Starting function ['D:\\Bharath\\bharath\\appsource\\mck_auth\\role_validations.py'] : validate_requested_user_function
2026-04-02 14:39:08,100 INFO *******Finished function ['D:\\Bharath\\bharath\\appsource\\mck_auth\\role_validations.py'] : validate_requested_user_function in 0:00:00 seconds
2026-04-02 14:39:08,100 INFO *******Starting function ['D:\\Bharath\\bharath\\appsource\\mck_auth\\build_table.py'] : build_gallery_table
2026-04-02 14:39:08,100 INFO *******Finished function ['D:\\Bharath\\bharath\\appsource\\mck_auth\\build_table.py'] : build_gallery_table in 0:00:00 seconds
2026-04-02 14:39:08,100 INFO *******Starting function ['D:\\Bharath\\bharath\\appsource\\mck_admin_console\\api.py'] : gallery_load_data
2026-04-02 14:39:08,115 INFO *******Finished function ['D:\\Bharath\\bharath\\appsource\\mck_admin_console\\api.py'] : gallery_load_data in 0:00:00.015251 seconds
2026-04-02 14:39:08,116 INFO *******Finished function ['D:\\Bharath\\bharath\\appsource\\mck_admin_console\\views.py'] : GalleryList.post in 0:00:00.015988 seconds
2026-04-02 14:39:09,981 INFO *******Starting function ['D:\\Bharath\\bharath\\appsource\\mck_admin_console\\views.py'] : GalleryCreateView.get
2026-04-02 14:39:09,982 INFO *******Starting function ['D:\\Bharath\\bharath\\appsource\\mck_auth\\role_validations.py'] : validate_requested_user_function
2026-04-02 14:39:09,983 INFO *******Finished function ['D:\\Bharath\\bharath\\appsource\\mck_auth\\role_validations.py'] : validate_requested_user_function in 0:00:00.001399 seconds
2026-04-02 14:39:09,999 INFO *******Finished function ['D:\\Bharath\\bharath\\appsource\\mck_admin_console\\views.py'] : GalleryCreateView.get in 0:00:00.018295 seconds
2026-04-02 14:39:17,871 INFO *******Starting function ['D:\\Bharath\\bharath\\appsource\\mck_admin_console\\views.py'] : GalleryCreateView.post
2026-04-02 14:39:17,871 INFO *******Starting function ['D:\\Bharath\\bharath\\appsource\\mck_auth\\role_validations.py'] : validate_requested_user_function
2026-04-02 14:39:17,873 INFO *******Finished function ['D:\\Bharath\\bharath\\appsource\\mck_auth\\role_validations.py'] : validate_requested_user_function in 0:00:00.002000 seconds
2026-04-02 14:39:17,873 DEBUG <QueryDict: {'csrfmiddlewaretoken': ['KRoSRXR2pLqnDgoknTtVZdv34LHopbIbdwEp2L7LAPv7UKLwc2DsqFGpdmrjdzkr', 'KRoSRXR2pLqnDgoknTtVZdv34LHopbIbdwEp2L7LAPv7UKLwc2DsqFGpdmrjdzkr'], 'name': ['test'], 'location': ['uy'], 'create_button': ['SAVE']}>
2026-04-02 14:39:18,011 INFO *******Starting function ['D:\\Bharath\\bharath\\appsource\\mck_admin_console\\api.py'] : gallery_create_update
2026-04-02 14:39:18,011 INFO *******Starting function ['D:\\Bharath\\bharath\\appsource\\mck_auth\\api.py'] : get_request_accountuser
2026-04-02 14:39:18,012 INFO *******Finished function ['D:\\Bharath\\bharath\\appsource\\mck_auth\\api.py'] : get_request_accountuser in 0:00:00.001000 seconds
2026-04-02 14:39:18,021 INFO *******Finished function ['D:\\Bharath\\bharath\\appsource\\mck_admin_console\\api.py'] : gallery_create_update in 0:00:00.009998 seconds
2026-04-02 14:39:18,021 DEBUG {'gallery': <Gallery: test>}
2026-04-02 14:39:18,021 INFO *******Finished function ['D:\\Bharath\\bharath\\appsource\\mck_admin_console\\views.py'] : GalleryCreateView.post in 0:00:00.149687 seconds
2026-04-02 14:39:18,028 INFO *******Starting function ['D:\\Bharath\\bharath\\appsource\\mck_admin_console\\views.py'] : GalleryList.get
2026-04-02 14:39:18,028 INFO *******Starting function ['D:\\Bharath\\bharath\\appsource\\mck_auth\\role_validations.py'] : validate_requested_user_function
2026-04-02 14:39:18,028 INFO *******Finished function ['D:\\Bharath\\bharath\\appsource\\mck_auth\\role_validations.py'] : validate_requested_user_function in 0:00:00 seconds
2026-04-02 14:39:18,028 INFO *******Starting function ['D:\\Bharath\\bharath\\appsource\\mck_auth\\build_table.py'] : build_gallery_table
2026-04-02 14:39:18,028 INFO *******Finished function ['D:\\Bharath\\bharath\\appsource\\mck_auth\\build_table.py'] : build_gallery_table in 0:00:00 seconds
2026-04-02 14:39:18,028 INFO *******Finished function ['D:\\Bharath\\bharath\\appsource\\mck_admin_console\\views.py'] : GalleryList.get in 0:00:00 seconds
2026-04-02 14:39:18,150 INFO *******Starting function ['D:\\Bharath\\bharath\\appsource\\mck_admin_console\\views.py'] : GalleryList.post
2026-04-02 14:39:18,150 INFO *******Starting function ['D:\\Bharath\\bharath\\appsource\\mck_auth\\role_validations.py'] : validate_requested_user_function
2026-04-02 14:39:18,161 INFO *******Finished function ['D:\\Bharath\\bharath\\appsource\\mck_auth\\role_validations.py'] : validate_requested_user_function in 0:00:00.010378 seconds
2026-04-02 14:39:18,161 INFO *******Starting function ['D:\\Bharath\\bharath\\appsource\\mck_auth\\build_table.py'] : build_gallery_table
2026-04-02 14:39:18,164 INFO *******Finished function ['D:\\Bharath\\bharath\\appsource\\mck_auth\\build_table.py'] : build_gallery_table in 0:00:00.003231 seconds
2026-04-02 14:39:18,165 INFO *******Starting function ['D:\\Bharath\\bharath\\appsource\\mck_admin_console\\api.py'] : gallery_load_data
2026-04-02 14:39:18,170 INFO *******Finished function ['D:\\Bharath\\bharath\\appsource\\mck_admin_console\\api.py'] : gallery_load_data in 0:00:00.004982 seconds
2026-04-02 14:39:18,170 INFO *******Finished function ['D:\\Bharath\\bharath\\appsource\\mck_admin_console\\views.py'] : GalleryList.post in 0:00:00.019703 seconds
2026-04-02 14:39:20,041 INFO *******Starting function ['D:\\Bharath\\bharath\\appsource\\mck_admin_console\\views.py'] : GalleryUpdateView.get
2026-04-02 14:39:20,041 INFO *******Starting function ['D:\\Bharath\\bharath\\appsource\\mck_auth\\role_validations.py'] : validate_requested_user_function
2026-04-02 14:39:20,043 INFO *******Finished function ['D:\\Bharath\\bharath\\appsource\\mck_auth\\role_validations.py'] : validate_requested_user_function in 0:00:00.001988 seconds
2026-04-02 14:39:20,044 INFO *******Starting function ['D:\\Bharath\\bharath\\appsource\\mck_admin_console\\api.py'] : gallery_retrieve_data
2026-04-02 14:39:20,044 INFO *******Finished function ['D:\\Bharath\\bharath\\appsource\\mck_admin_console\\api.py'] : gallery_retrieve_data in 0:00:00 seconds
2026-04-02 14:39:20,049 INFO *******Finished function ['D:\\Bharath\\bharath\\appsource\\mck_admin_console\\views.py'] : GalleryUpdateView.get in 0:00:00.008189 seconds
2026-04-02 14:39:24,046 INFO *******Starting function ['D:\\Bharath\\bharath\\appsource\\mck_admin_console\\views.py'] : GalleryUpdateView.post
2026-04-02 14:39:24,046 INFO *******Starting function ['D:\\Bharath\\bharath\\appsource\\mck_auth\\role_validations.py'] : validate_requested_user_function
2026-04-02 14:39:24,050 INFO *******Finished function ['D:\\Bharath\\bharath\\appsource\\mck_auth\\role_validations.py'] : validate_requested_user_function in 0:00:00.004005 seconds
2026-04-02 14:39:24,050 INFO *******Starting function ['D:\\Bharath\\bharath\\appsource\\mck_admin_console\\api.py'] : gallery_retrieve_data
2026-04-02 14:39:24,050 INFO *******Finished function ['D:\\Bharath\\bharath\\appsource\\mck_admin_console\\api.py'] : gallery_retrieve_data in 0:00:00 seconds
2026-04-02 14:39:24,051 INFO *******Starting function ['D:\\Bharath\\bharath\\appsource\\mck_admin_console\\api.py'] : gallery_create_update
2026-04-02 14:39:24,051 INFO *******Starting function ['D:\\Bharath\\bharath\\appsource\\mck_auth\\api.py'] : get_request_accountuser
2026-04-02 14:39:24,051 INFO *******Finished function ['D:\\Bharath\\bharath\\appsource\\mck_auth\\api.py'] : get_request_accountuser in 0:00:00 seconds
2026-04-02 14:39:24,054 INFO *******Finished function ['D:\\Bharath\\bharath\\appsource\\mck_admin_console\\api.py'] : gallery_create_update in 0:00:00.003021 seconds
2026-04-02 14:39:24,054 INFO *******Finished function ['D:\\Bharath\\bharath\\appsource\\mck_admin_console\\views.py'] : GalleryUpdateView.post in 0:00:00.008026 seconds
2026-04-02 14:39:24,061 INFO *******Starting function ['D:\\Bharath\\bharath\\appsource\\mck_admin_console\\views.py'] : GalleryList.get
2026-04-02 14:39:24,061 INFO *******Starting function ['D:\\Bharath\\bharath\\appsource\\mck_auth\\role_validations.py'] : validate_requested_user_function
2026-04-02 14:39:24,061 INFO *******Finished function ['D:\\Bharath\\bharath\\appsource\\mck_auth\\role_validations.py'] : validate_requested_user_function in 0:00:00 seconds
2026-04-02 14:39:24,061 INFO *******Starting function ['D:\\Bharath\\bharath\\appsource\\mck_auth\\build_table.py'] : build_gallery_table
2026-04-02 14:39:24,061 INFO *******Finished function ['D:\\Bharath\\bharath\\appsource\\mck_auth\\build_table.py'] : build_gallery_table in 0:00:00 seconds
2026-04-02 14:39:24,061 INFO *******Finished function ['D:\\Bharath\\bharath\\appsource\\mck_admin_console\\views.py'] : GalleryList.get in 0:00:00 seconds
2026-04-02 14:39:24,231 INFO *******Starting function ['D:\\Bharath\\bharath\\appsource\\mck_admin_console\\views.py'] : GalleryList.post
2026-04-02 14:39:24,231 INFO *******Starting function ['D:\\Bharath\\bharath\\appsource\\mck_auth\\role_validations.py'] : validate_requested_user_function
2026-04-02 14:39:24,243 INFO *******Finished function ['D:\\Bharath\\bharath\\appsource\\mck_auth\\role_validations.py'] : validate_requested_user_function in 0:00:00.011807 seconds
2026-04-02 14:39:24,244 INFO *******Starting function ['D:\\Bharath\\bharath\\appsource\\mck_auth\\build_table.py'] : build_gallery_table
2026-04-02 14:39:24,244 INFO *******Finished function ['D:\\Bharath\\bharath\\appsource\\mck_auth\\build_table.py'] : build_gallery_table in 0:00:00 seconds
2026-04-02 14:39:24,244 INFO *******Starting function ['D:\\Bharath\\bharath\\appsource\\mck_admin_console\\api.py'] : gallery_load_data
2026-04-02 14:39:24,251 INFO *******Finished function ['D:\\Bharath\\bharath\\appsource\\mck_admin_console\\api.py'] : gallery_load_data in 0:00:00.007198 seconds
2026-04-02 14:39:24,251 INFO *******Finished function ['D:\\Bharath\\bharath\\appsource\\mck_admin_console\\views.py'] : GalleryList.post in 0:00:00.019519 seconds
2026-04-02 14:43:42,486 INFO *******Starting function ['D:\\Bharath\\bharath\\appsource\\mck_admin_console\\views.py'] : GalleryList.get
2026-04-02 14:43:42,486 INFO *******Starting function ['D:\\Bharath\\bharath\\appsource\\mck_auth\\role_validations.py'] : validate_requested_user_function
2026-04-02 14:43:42,488 INFO *******Finished function ['D:\\Bharath\\bharath\\appsource\\mck_auth\\role_validations.py'] : validate_requested_user_function in 0:00:00.002000 seconds
2026-04-02 14:43:42,488 INFO *******Starting function ['D:\\Bharath\\bharath\\appsource\\mck_auth\\build_table.py'] : build_gallery_table
2026-04-02 14:43:42,489 INFO *******Finished function ['D:\\Bharath\\bharath\\appsource\\mck_auth\\build_table.py'] : build_gallery_table in 0:00:00.001000 seconds
2026-04-02 14:43:42,735 INFO *******Finished function ['D:\\Bharath\\bharath\\appsource\\mck_admin_console\\views.py'] : GalleryList.get in 0:00:00.249232 seconds
2026-04-02 14:43:42,943 INFO *******Starting function ['D:\\Bharath\\bharath\\appsource\\mck_admin_console\\views.py'] : GalleryList.post
2026-04-02 14:43:42,944 INFO *******Starting function ['D:\\Bharath\\bharath\\appsource\\mck_auth\\role_validations.py'] : validate_requested_user_function
2026-04-02 14:43:42,949 INFO *******Finished function ['D:\\Bharath\\bharath\\appsource\\mck_auth\\role_validations.py'] : validate_requested_user_function in 0:00:00.006101 seconds
2026-04-02 14:43:42,949 INFO *******Starting function ['D:\\Bharath\\bharath\\appsource\\mck_auth\\build_table.py'] : build_gallery_table
2026-04-02 14:43:42,949 INFO *******Finished function ['D:\\Bharath\\bharath\\appsource\\mck_auth\\build_table.py'] : build_gallery_table in 0:00:00 seconds
2026-04-02 14:43:42,949 INFO *******Starting function ['D:\\Bharath\\bharath\\appsource\\mck_admin_console\\api.py'] : gallery_load_data
2026-04-02 14:43:42,949 INFO *******Finished function ['D:\\Bharath\\bharath\\appsource\\mck_admin_console\\api.py'] : gallery_load_data in 0:00:00 seconds
2026-04-02 14:43:42,949 INFO *******Finished function ['D:\\Bharath\\bharath\\appsource\\mck_admin_console\\views.py'] : GalleryList.post in 0:00:00.006101 seconds
2026-04-02 14:43:44,854 INFO *******Starting function ['D:\\Bharath\\bharath\\appsource\\mck_master\\views.py'] : ProfileList.get
2026-04-02 14:43:44,854 INFO *******Starting function ['D:\\Bharath\\bharath\\appsource\\mck_auth\\role_validations.py'] : validate_requested_user_function
2026-04-02 14:43:44,857 INFO *******Finished function ['D:\\Bharath\\bharath\\appsource\\mck_auth\\role_validations.py'] : validate_requested_user_function in 0:00:00.002998 seconds
2026-04-02 14:43:44,857 INFO *******Starting function ['D:\\Bharath\\bharath\\appsource\\mck_auth\\build_table.py'] : build_profile_table
2026-04-02 14:43:44,857 INFO *******Finished function ['D:\\Bharath\\bharath\\appsource\\mck_auth\\build_table.py'] : build_profile_table in 0:00:00 seconds
2026-04-02 14:43:44,864 INFO *******Finished function ['D:\\Bharath\\bharath\\appsource\\mck_master\\views.py'] : ProfileList.get in 0:00:00.009414 seconds
2026-04-02 14:43:45,004 INFO *******Starting function ['D:\\Bharath\\bharath\\appsource\\mck_master\\views.py'] : ProfileList.post
2026-04-02 14:43:45,006 INFO *******Starting function ['D:\\Bharath\\bharath\\appsource\\mck_auth\\role_validations.py'] : validate_requested_user_function
2026-04-02 14:43:45,018 INFO *******Finished function ['D:\\Bharath\\bharath\\appsource\\mck_auth\\role_validations.py'] : validate_requested_user_function in 0:00:00.011688 seconds
2026-04-02 14:43:45,019 INFO *******Starting function ['D:\\Bharath\\bharath\\appsource\\mck_auth\\build_table.py'] : build_profile_table
2026-04-02 14:43:45,019 INFO *******Finished function ['D:\\Bharath\\bharath\\appsource\\mck_auth\\build_table.py'] : build_profile_table in 0:00:00 seconds
2026-04-02 14:43:45,019 INFO *******Starting function ['D:\\Bharath\\bharath\\appsource\\mck_master\\api.py'] : profile_load_data
2026-04-02 14:43:45,026 INFO *******Finished function ['D:\\Bharath\\bharath\\appsource\\mck_master\\api.py'] : profile_load_data in 0:00:00.007000 seconds
2026-04-02 14:43:45,027 INFO *******Finished function ['D:\\Bharath\\bharath\\appsource\\mck_master\\views.py'] : ProfileList.post in 0:00:00.022702 seconds
2026-04-02 14:43:46,545 INFO *******Starting function ['D:\\Bharath\\bharath\\appsource\\mck_master\\views.py'] : ProfileUpdateView.get
2026-04-02 14:43:46,545 INFO *******Starting function ['D:\\Bharath\\bharath\\appsource\\mck_auth\\role_validations.py'] : validate_requested_user_function
2026-04-02 14:43:46,545 INFO *******Finished function ['D:\\Bharath\\bharath\\appsource\\mck_auth\\role_validations.py'] : validate_requested_user_function in 0:00:00 seconds
2026-04-02 14:43:46,545 INFO *******Starting function ['D:\\Bharath\\bharath\\appsource\\mck_master\\api.py'] : profile_retrieve_data
2026-04-02 14:43:46,545 INFO *******Finished function ['D:\\Bharath\\bharath\\appsource\\mck_master\\api.py'] : profile_retrieve_data in 0:00:00 seconds
2026-04-02 14:43:46,872 INFO *******Finished function ['D:\\Bharath\\bharath\\appsource\\mck_master\\views.py'] : ProfileUpdateView.get in 0:00:00.326513 seconds
2026-04-02 14:43:52,108 INFO *******Starting function ['D:\\Bharath\\bharath\\appsource\\mck_master\\views.py'] : ProfileUpdateView.post
2026-04-02 14:43:52,108 INFO *******Starting function ['D:\\Bharath\\bharath\\appsource\\mck_auth\\role_validations.py'] : validate_requested_user_function
2026-04-02 14:43:52,111 INFO *******Finished function ['D:\\Bharath\\bharath\\appsource\\mck_auth\\role_validations.py'] : validate_requested_user_function in 0:00:00.003199 seconds
2026-04-02 14:43:52,111 INFO *******Starting function ['D:\\Bharath\\bharath\\appsource\\mck_master\\api.py'] : profile_retrieve_data
2026-04-02 14:43:52,113 INFO *******Finished function ['D:\\Bharath\\bharath\\appsource\\mck_master\\api.py'] : profile_retrieve_data in 0:00:00.001998 seconds
2026-04-02 14:43:52,177 INFO *******Starting function ['D:\\Bharath\\bharath\\appsource\\mck_master\\api.py'] : profile_create_update
2026-04-02 14:43:52,185 INFO *******Finished function ['D:\\Bharath\\bharath\\appsource\\mck_master\\api.py'] : profile_create_update in 0:00:00.008352 seconds
2026-04-02 14:43:52,185 INFO *******Finished function ['D:\\Bharath\\bharath\\appsource\\mck_master\\views.py'] : ProfileUpdateView.post in 0:00:00.077160 seconds
2026-04-02 14:43:52,198 INFO *******Starting function ['D:\\Bharath\\bharath\\appsource\\mck_master\\views.py'] : ProfileList.get
2026-04-02 14:43:52,199 INFO *******Starting function ['D:\\Bharath\\bharath\\appsource\\mck_auth\\role_validations.py'] : validate_requested_user_function
2026-04-02 14:43:52,202 INFO *******Finished function ['D:\\Bharath\\bharath\\appsource\\mck_auth\\role_validations.py'] : validate_requested_user_function in 0:00:00.002996 seconds
2026-04-02 14:43:52,202 INFO *******Starting function ['D:\\Bharath\\bharath\\appsource\\mck_auth\\build_table.py'] : build_profile_table
2026-04-02 14:43:52,202 INFO *******Finished function ['D:\\Bharath\\bharath\\appsource\\mck_auth\\build_table.py'] : build_profile_table in 0:00:00 seconds
2026-04-02 14:43:52,206 INFO *******Finished function ['D:\\Bharath\\bharath\\appsource\\mck_master\\views.py'] : ProfileList.get in 0:00:00.007993 seconds
2026-04-02 14:43:52,341 INFO *******Starting function ['D:\\Bharath\\bharath\\appsource\\mck_master\\views.py'] : ProfileList.post
2026-04-02 14:43:52,341 INFO *******Starting function ['D:\\Bharath\\bharath\\appsource\\mck_auth\\role_validations.py'] : validate_requested_user_function
2026-04-02 14:43:52,352 INFO *******Finished function ['D:\\Bharath\\bharath\\appsource\\mck_auth\\role_validations.py'] : validate_requested_user_function in 0:00:00.010868 seconds
2026-04-02 14:43:52,352 INFO *******Starting function ['D:\\Bharath\\bharath\\appsource\\mck_auth\\build_table.py'] : build_profile_table
2026-04-02 14:43:52,353 INFO *******Finished function ['D:\\Bharath\\bharath\\appsource\\mck_auth\\build_table.py'] : build_profile_table in 0:00:00.001012 seconds
2026-04-02 14:43:52,354 INFO *******Starting function ['D:\\Bharath\\bharath\\appsource\\mck_master\\api.py'] : profile_load_data
2026-04-02 14:43:52,367 INFO *******Finished function ['D:\\Bharath\\bharath\\appsource\\mck_master\\api.py'] : profile_load_data in 0:00:00.012677 seconds
2026-04-02 14:43:52,367 INFO *******Finished function ['D:\\Bharath\\bharath\\appsource\\mck_master\\views.py'] : ProfileList.post in 0:00:00.025568 seconds
2026-04-02 14:44:14,819 INFO *******Starting function ['D:\\Bharath\\bharath\\appsource\\mck_master\\views.py'] : ProfileList.get
2026-04-02 14:44:14,819 INFO *******Starting function ['D:\\Bharath\\bharath\\appsource\\mck_auth\\role_validations.py'] : validate_requested_user_function
2026-04-02 14:44:14,821 INFO *******Finished function ['D:\\Bharath\\bharath\\appsource\\mck_auth\\role_validations.py'] : validate_requested_user_function in 0:00:00.002004 seconds
2026-04-02 14:44:14,821 INFO *******Starting function ['D:\\Bharath\\bharath\\appsource\\mck_auth\\build_table.py'] : build_profile_table
2026-04-02 14:44:14,823 INFO *******Finished function ['D:\\Bharath\\bharath\\appsource\\mck_auth\\build_table.py'] : build_profile_table in 0:00:00.002356 seconds
2026-04-02 14:44:14,826 INFO *******Finished function ['D:\\Bharath\\bharath\\appsource\\mck_master\\views.py'] : ProfileList.get in 0:00:00.007361 seconds
2026-04-02 14:44:14,951 INFO *******Starting function ['D:\\Bharath\\bharath\\appsource\\mck_master\\views.py'] : ProfileList.post
2026-04-02 14:44:14,951 INFO *******Starting function ['D:\\Bharath\\bharath\\appsource\\mck_auth\\role_validations.py'] : validate_requested_user_function
2026-04-02 14:44:14,962 INFO *******Finished function ['D:\\Bharath\\bharath\\appsource\\mck_auth\\role_validations.py'] : validate_requested_user_function in 0:00:00.011382 seconds
2026-04-02 14:44:14,963 INFO *******Starting function ['D:\\Bharath\\bharath\\appsource\\mck_auth\\build_table.py'] : build_profile_table
2026-04-02 14:44:14,964 INFO *******Finished function ['D:\\Bharath\\bharath\\appsource\\mck_auth\\build_table.py'] : build_profile_table in 0:00:00.000995 seconds
2026-04-02 14:44:14,964 INFO *******Starting function ['D:\\Bharath\\bharath\\appsource\\mck_master\\api.py'] : profile_load_data
2026-04-02 14:44:14,977 INFO *******Finished function ['D:\\Bharath\\bharath\\appsource\\mck_master\\api.py'] : profile_load_data in 0:00:00.013098 seconds
2026-04-02 14:44:14,980 INFO *******Finished function ['D:\\Bharath\\bharath\\appsource\\mck_master\\views.py'] : ProfileList.post in 0:00:00.028971 seconds
2026-04-02 14:44:16,899 INFO *******Starting function ['D:\\Bharath\\bharath\\appsource\\mck_master\\views.py'] : ProfileUpdateView.get
2026-04-02 14:44:16,899 INFO *******Starting function ['D:\\Bharath\\bharath\\appsource\\mck_auth\\role_validations.py'] : validate_requested_user_function
2026-04-02 14:44:16,901 INFO *******Finished function ['D:\\Bharath\\bharath\\appsource\\mck_auth\\role_validations.py'] : validate_requested_user_function in 0:00:00.001995 seconds
2026-04-02 14:44:16,901 INFO *******Starting function ['D:\\Bharath\\bharath\\appsource\\mck_master\\api.py'] : profile_retrieve_data
2026-04-02 14:44:16,902 INFO *******Finished function ['D:\\Bharath\\bharath\\appsource\\mck_master\\api.py'] : profile_retrieve_data in 0:00:00.001000 seconds
2026-04-02 14:44:16,962 INFO *******Finished function ['D:\\Bharath\\bharath\\appsource\\mck_master\\views.py'] : ProfileUpdateView.get in 0:00:00.062575 seconds
2026-04-02 14:44:26,380 INFO *******Starting function ['D:\\Bharath\\bharath\\appsource\\mck_master\\views.py'] : ProfileUpdateView.post
2026-04-02 14:44:26,381 INFO *******Starting function ['D:\\Bharath\\bharath\\appsource\\mck_auth\\role_validations.py'] : validate_requested_user_function
2026-04-02 14:44:26,383 INFO *******Finished function ['D:\\Bharath\\bharath\\appsource\\mck_auth\\role_validations.py'] : validate_requested_user_function in 0:00:00.002006 seconds
2026-04-02 14:44:26,383 INFO *******Starting function ['D:\\Bharath\\bharath\\appsource\\mck_master\\api.py'] : profile_retrieve_data
2026-04-02 14:44:26,384 INFO *******Finished function ['D:\\Bharath\\bharath\\appsource\\mck_master\\api.py'] : profile_retrieve_data in 0:00:00.000999 seconds
2026-04-02 14:44:26,388 INFO *******Starting function ['D:\\Bharath\\bharath\\appsource\\mck_master\\api.py'] : profile_create_update
2026-04-02 14:44:26,396 INFO *******Finished function ['D:\\Bharath\\bharath\\appsource\\mck_master\\api.py'] : profile_create_update in 0:00:00.007576 seconds
2026-04-02 14:44:26,396 INFO *******Finished function ['D:\\Bharath\\bharath\\appsource\\mck_master\\views.py'] : ProfileUpdateView.post in 0:00:00.015573 seconds
2026-04-02 14:44:26,400 INFO *******Starting function ['D:\\Bharath\\bharath\\appsource\\mck_master\\views.py'] : ProfileList.get
2026-04-02 14:44:26,400 INFO *******Starting function ['D:\\Bharath\\bharath\\appsource\\mck_auth\\role_validations.py'] : validate_requested_user_function
2026-04-02 14:44:26,400 INFO *******Finished function ['D:\\Bharath\\bharath\\appsource\\mck_auth\\role_validations.py'] : validate_requested_user_function in 0:00:00 seconds
2026-04-02 14:44:26,400 INFO *******Starting function ['D:\\Bharath\\bharath\\appsource\\mck_auth\\build_table.py'] : build_profile_table
2026-04-02 14:44:26,410 INFO *******Finished function ['D:\\Bharath\\bharath\\appsource\\mck_auth\\build_table.py'] : build_profile_table in 0:00:00.009992 seconds
2026-04-02 14:44:26,415 INFO *******Finished function ['D:\\Bharath\\bharath\\appsource\\mck_master\\views.py'] : ProfileList.get in 0:00:00.015452 seconds
2026-04-02 14:44:26,569 INFO *******Starting function ['D:\\Bharath\\bharath\\appsource\\mck_master\\views.py'] : ProfileList.post
2026-04-02 14:44:26,569 INFO *******Starting function ['D:\\Bharath\\bharath\\appsource\\mck_auth\\role_validations.py'] : validate_requested_user_function
2026-04-02 14:44:26,577 INFO *******Finished function ['D:\\Bharath\\bharath\\appsource\\mck_auth\\role_validations.py'] : validate_requested_user_function in 0:00:00.008549 seconds
2026-04-02 14:44:26,577 INFO *******Starting function ['D:\\Bharath\\bharath\\appsource\\mck_auth\\build_table.py'] : build_profile_table
2026-04-02 14:44:26,577 INFO *******Finished function ['D:\\Bharath\\bharath\\appsource\\mck_auth\\build_table.py'] : build_profile_table in 0:00:00 seconds
2026-04-02 14:44:26,577 INFO *******Starting function ['D:\\Bharath\\bharath\\appsource\\mck_master\\api.py'] : profile_load_data
2026-04-02 14:44:26,584 INFO *******Finished function ['D:\\Bharath\\bharath\\appsource\\mck_master\\api.py'] : profile_load_data in 0:00:00.006575 seconds
2026-04-02 14:44:26,584 INFO *******Finished function ['D:\\Bharath\\bharath\\appsource\\mck_master\\views.py'] : ProfileList.post in 0:00:00.015124 seconds
2026-04-02 14:46:03,250 INFO *******Starting function ['D:\\Bharath\\bharath\\appsource\\mck_master\\views.py'] : ProfileList.get
2026-04-02 14:46:03,250 INFO *******Starting function ['D:\\Bharath\\bharath\\appsource\\mck_auth\\role_validations.py'] : validate_requested_user_function
2026-04-02 14:46:03,252 INFO *******Finished function ['D:\\Bharath\\bharath\\appsource\\mck_auth\\role_validations.py'] : validate_requested_user_function in 0:00:00.002003 seconds
2026-04-02 14:46:03,252 INFO *******Starting function ['D:\\Bharath\\bharath\\appsource\\mck_auth\\build_table.py'] : build_profile_table
2026-04-02 14:46:03,254 INFO *******Finished function ['D:\\Bharath\\bharath\\appsource\\mck_auth\\build_table.py'] : build_profile_table in 0:00:00.002000 seconds
2026-04-02 14:46:03,273 INFO *******Finished function ['D:\\Bharath\\bharath\\appsource\\mck_master\\views.py'] : ProfileList.get in 0:00:00.022924 seconds
2026-04-02 14:46:03,379 INFO *******Starting function ['D:\\Bharath\\bharath\\appsource\\mck_master\\views.py'] : ProfileList.post
2026-04-02 14:46:03,379 INFO *******Starting function ['D:\\Bharath\\bharath\\appsource\\mck_auth\\role_validations.py'] : validate_requested_user_function
2026-04-02 14:46:03,397 INFO *******Finished function ['D:\\Bharath\\bharath\\appsource\\mck_auth\\role_validations.py'] : validate_requested_user_function in 0:00:00.018685 seconds
2026-04-02 14:46:03,399 INFO *******Starting function ['D:\\Bharath\\bharath\\appsource\\mck_auth\\build_table.py'] : build_profile_table
2026-04-02 14:46:03,399 INFO *******Finished function ['D:\\Bharath\\bharath\\appsource\\mck_auth\\build_table.py'] : build_profile_table in 0:00:00 seconds
2026-04-02 14:46:03,403 ERROR Error at 1339:module 'mck_master.api' has no attribute 'profile_load_data'
2026-04-02 14:46:03,403 INFO *******Finished function ['D:\\Bharath\\bharath\\appsource\\mck_master\\views.py'] : ProfileList.post in 0:00:00.024485 seconds
2026-04-02 14:46:07,921 INFO *******Starting function ['D:\\Bharath\\bharath\\appsource\\mck_master\\views.py'] : ProfileList.post
2026-04-02 14:46:07,921 INFO *******Starting function ['D:\\Bharath\\bharath\\appsource\\mck_auth\\role_validations.py'] : validate_requested_user_function
2026-04-02 14:46:07,921 INFO *******Finished function ['D:\\Bharath\\bharath\\appsource\\mck_auth\\role_validations.py'] : validate_requested_user_function in 0:00:00 seconds
2026-04-02 14:46:07,921 INFO *******Starting function ['D:\\Bharath\\bharath\\appsource\\mck_auth\\build_table.py'] : build_profile_table
2026-04-02 14:46:07,921 INFO *******Finished function ['D:\\Bharath\\bharath\\appsource\\mck_auth\\build_table.py'] : build_profile_table in 0:00:00 seconds
2026-04-02 14:46:07,921 ERROR Error at 1339:module 'mck_master.api' has no attribute 'profile_load_data'
2026-04-02 14:46:07,921 INFO *******Finished function ['D:\\Bharath\\bharath\\appsource\\mck_master\\views.py'] : ProfileList.post in 0:00:00 seconds
2026-04-02 14:46:08,616 INFO *******Starting function ['D:\\Bharath\\bharath\\appsource\\mck_master\\views.py'] : ProfileList.post
2026-04-02 14:46:08,616 INFO *******Starting function ['D:\\Bharath\\bharath\\appsource\\mck_auth\\role_validations.py'] : validate_requested_user_function
2026-04-02 14:46:08,616 INFO *******Finished function ['D:\\Bharath\\bharath\\appsource\\mck_auth\\role_validations.py'] : validate_requested_user_function in 0:00:00 seconds
2026-04-02 14:46:08,616 INFO *******Starting function ['D:\\Bharath\\bharath\\appsource\\mck_auth\\build_table.py'] : build_profile_table
2026-04-02 14:46:08,616 INFO *******Finished function ['D:\\Bharath\\bharath\\appsource\\mck_auth\\build_table.py'] : build_profile_table in 0:00:00 seconds
2026-04-02 14:46:08,616 ERROR Error at 1339:module 'mck_master.api' has no attribute 'profile_load_data'
2026-04-02 14:46:08,616 INFO *******Finished function ['D:\\Bharath\\bharath\\appsource\\mck_master\\views.py'] : ProfileList.post in 0:00:00 seconds
2026-04-02 14:46:09,078 INFO *******Starting function ['D:\\Bharath\\bharath\\appsource\\mck_master\\views.py'] : ProfileList.post
2026-04-02 14:46:09,078 INFO *******Starting function ['D:\\Bharath\\bharath\\appsource\\mck_auth\\role_validations.py'] : validate_requested_user_function
2026-04-02 14:46:09,078 INFO *******Finished function ['D:\\Bharath\\bharath\\appsource\\mck_auth\\role_validations.py'] : validate_requested_user_function in 0:00:00 seconds
2026-04-02 14:46:09,078 INFO *******Starting function ['D:\\Bharath\\bharath\\appsource\\mck_auth\\build_table.py'] : build_profile_table
2026-04-02 14:46:09,078 INFO *******Finished function ['D:\\Bharath\\bharath\\appsource\\mck_auth\\build_table.py'] : build_profile_table in 0:00:00 seconds
2026-04-02 14:46:09,078 ERROR Error at 1339:module 'mck_master.api' has no attribute 'profile_load_data'
2026-04-02 14:46:09,078 INFO *******Finished function ['D:\\Bharath\\bharath\\appsource\\mck_master\\views.py'] : ProfileList.post in 0:00:00 seconds
2026-04-02 14:46:42,712 INFO *******Starting function ['D:\\Bharath\\bharath\\appsource\\mck_master\\views.py'] : ProfileList.get
2026-04-02 14:46:42,712 INFO *******Starting function ['D:\\Bharath\\bharath\\appsource\\mck_auth\\role_validations.py'] : validate_requested_user_function
2026-04-02 14:46:42,712 INFO *******Finished function ['D:\\Bharath\\bharath\\appsource\\mck_auth\\role_validations.py'] : validate_requested_user_function in 0:00:00 seconds
2026-04-02 14:46:42,712 INFO *******Starting function ['D:\\Bharath\\bharath\\appsource\\mck_auth\\build_table.py'] : build_profile_table
2026-04-02 14:46:42,712 INFO *******Finished function ['D:\\Bharath\\bharath\\appsource\\mck_auth\\build_table.py'] : build_profile_table in 0:00:00 seconds
2026-04-02 14:46:42,730 INFO *******Finished function ['D:\\Bharath\\bharath\\appsource\\mck_master\\views.py'] : ProfileList.get in 0:00:00.018412 seconds
2026-04-02 14:46:42,866 INFO *******Starting function ['D:\\Bharath\\bharath\\appsource\\mck_master\\views.py'] : ProfileList.post
2026-04-02 14:46:42,867 INFO *******Starting function ['D:\\Bharath\\bharath\\appsource\\mck_auth\\role_validations.py'] : validate_requested_user_function
2026-04-02 14:46:42,875 INFO *******Finished function ['D:\\Bharath\\bharath\\appsource\\mck_auth\\role_validations.py'] : validate_requested_user_function in 0:00:00.008000 seconds
2026-04-02 14:46:42,875 INFO *******Starting function ['D:\\Bharath\\bharath\\appsource\\mck_auth\\build_table.py'] : build_profile_table
2026-04-02 14:46:42,875 INFO *******Finished function ['D:\\Bharath\\bharath\\appsource\\mck_auth\\build_table.py'] : build_profile_table in 0:00:00 seconds
2026-04-02 14:46:42,875 INFO *******Starting function ['D:\\Bharath\\bharath\\appsource\\mck_master\\api.py'] : profile_load_data
2026-04-02 14:46:42,877 INFO *******Finished function ['D:\\Bharath\\bharath\\appsource\\mck_master\\api.py'] : profile_load_data in 0:00:00.002255 seconds
2026-04-02 14:46:42,877 INFO *******Finished function ['D:\\Bharath\\bharath\\appsource\\mck_master\\views.py'] : ProfileList.post in 0:00:00.011254 seconds
2026-04-02 14:46:45,533 INFO *******Starting function ['D:\\Bharath\\bharath\\appsource\\mck_master\\views.py'] : ProfileUpdateView.get
2026-04-02 14:46:45,533 INFO *******Starting function ['D:\\Bharath\\bharath\\appsource\\mck_auth\\role_validations.py'] : validate_requested_user_function
2026-04-02 14:46:45,535 INFO *******Finished function ['D:\\Bharath\\bharath\\appsource\\mck_auth\\role_validations.py'] : validate_requested_user_function in 0:00:00.001996 seconds
2026-04-02 14:46:45,535 INFO *******Starting function ['D:\\Bharath\\bharath\\appsource\\mck_master\\api.py'] : profile_retrieve_data
2026-04-02 14:46:45,536 INFO *******Finished function ['D:\\Bharath\\bharath\\appsource\\mck_master\\api.py'] : profile_retrieve_data in 0:00:00.001000 seconds
2026-04-02 14:46:45,595 INFO *******Finished function ['D:\\Bharath\\bharath\\appsource\\mck_master\\views.py'] : ProfileUpdateView.get in 0:00:00.062579 seconds
2026-04-02 14:46:51,466 INFO *******Starting function ['D:\\Bharath\\bharath\\appsource\\mck_master\\views.py'] : ProfileUpdateView.post
2026-04-02 14:46:51,466 INFO *******Starting function ['D:\\Bharath\\bharath\\appsource\\mck_auth\\role_validations.py'] : validate_requested_user_function
2026-04-02 14:46:51,468 INFO *******Finished function ['D:\\Bharath\\bharath\\appsource\\mck_auth\\role_validations.py'] : validate_requested_user_function in 0:00:00.002001 seconds
2026-04-02 14:46:51,468 INFO *******Starting function ['D:\\Bharath\\bharath\\appsource\\mck_master\\api.py'] : profile_retrieve_data
2026-04-02 14:46:51,469 INFO *******Finished function ['D:\\Bharath\\bharath\\appsource\\mck_master\\api.py'] : profile_retrieve_data in 0:00:00.001001 seconds
2026-04-02 14:46:51,473 INFO *******Starting function ['D:\\Bharath\\bharath\\appsource\\mck_master\\api.py'] : profile_create_update
2026-04-02 14:46:51,478 INFO *******Finished function ['D:\\Bharath\\bharath\\appsource\\mck_master\\api.py'] : profile_create_update in 0:00:00.005173 seconds
2026-04-02 14:46:51,479 INFO *******Finished function ['D:\\Bharath\\bharath\\appsource\\mck_master\\views.py'] : ProfileUpdateView.post in 0:00:00.013165 seconds
2026-04-02 14:46:51,483 INFO *******Starting function ['D:\\Bharath\\bharath\\appsource\\mck_master\\views.py'] : ProfileList.get
2026-04-02 14:46:51,483 INFO *******Starting function ['D:\\Bharath\\bharath\\appsource\\mck_auth\\role_validations.py'] : validate_requested_user_function
2026-04-02 14:46:51,483 INFO *******Finished function ['D:\\Bharath\\bharath\\appsource\\mck_auth\\role_validations.py'] : validate_requested_user_function in 0:00:00 seconds
2026-04-02 14:46:51,483 INFO *******Starting function ['D:\\Bharath\\bharath\\appsource\\mck_auth\\build_table.py'] : build_profile_table
2026-04-02 14:46:51,483 INFO *******Finished function ['D:\\Bharath\\bharath\\appsource\\mck_auth\\build_table.py'] : build_profile_table in 0:00:00 seconds
2026-04-02 14:46:51,483 INFO *******Finished function ['D:\\Bharath\\bharath\\appsource\\mck_master\\views.py'] : ProfileList.get in 0:00:00 seconds
2026-04-02 14:46:51,632 INFO *******Starting function ['D:\\Bharath\\bharath\\appsource\\mck_master\\views.py'] : ProfileList.post
2026-04-02 14:46:51,632 INFO *******Starting function ['D:\\Bharath\\bharath\\appsource\\mck_auth\\role_validations.py'] : validate_requested_user_function
2026-04-02 14:46:51,634 INFO *******Finished function ['D:\\Bharath\\bharath\\appsource\\mck_auth\\role_validations.py'] : validate_requested_user_function in 0:00:00.002001 seconds
2026-04-02 14:46:51,635 INFO *******Starting function ['D:\\Bharath\\bharath\\appsource\\mck_auth\\build_table.py'] : build_profile_table
2026-04-02 14:46:51,635 INFO *******Finished function ['D:\\Bharath\\bharath\\appsource\\mck_auth\\build_table.py'] : build_profile_table in 0:00:00 seconds
2026-04-02 14:46:51,635 INFO *******Starting function ['D:\\Bharath\\bharath\\appsource\\mck_master\\api.py'] : profile_load_data
2026-04-02 14:46:51,644 INFO *******Finished function ['D:\\Bharath\\bharath\\appsource\\mck_master\\api.py'] : profile_load_data in 0:00:00.009477 seconds
2026-04-02 14:46:51,645 INFO *******Finished function ['D:\\Bharath\\bharath\\appsource\\mck_master\\views.py'] : ProfileList.post in 0:00:00.013782 seconds
2026-04-02 14:49:08,964 INFO *******Starting function ['D:\\Bharath\\bharath\\appsource\\mck_master\\views.py'] : ProfileList.get
2026-04-02 14:49:08,965 INFO *******Starting function ['D:\\Bharath\\bharath\\appsource\\mck_auth\\role_validations.py'] : validate_requested_user_function
2026-04-02 14:49:08,967 INFO *******Finished function ['D:\\Bharath\\bharath\\appsource\\mck_auth\\role_validations.py'] : validate_requested_user_function in 0:00:00.001992 seconds
2026-04-02 14:49:08,967 INFO *******Starting function ['D:\\Bharath\\bharath\\appsource\\mck_auth\\build_table.py'] : build_profile_table
2026-04-02 14:49:08,967 INFO *******Finished function ['D:\\Bharath\\bharath\\appsource\\mck_auth\\build_table.py'] : build_profile_table in 0:00:00 seconds
2026-04-02 14:49:08,972 INFO *******Finished function ['D:\\Bharath\\bharath\\appsource\\mck_master\\views.py'] : ProfileList.get in 0:00:00.007962 seconds
2026-04-02 14:49:09,140 INFO *******Starting function ['D:\\Bharath\\bharath\\appsource\\mck_master\\views.py'] : ProfileList.post
2026-04-02 14:49:09,140 INFO *******Starting function ['D:\\Bharath\\bharath\\appsource\\mck_auth\\role_validations.py'] : validate_requested_user_function
2026-04-02 14:49:09,146 INFO *******Finished function ['D:\\Bharath\\bharath\\appsource\\mck_auth\\role_validations.py'] : validate_requested_user_function in 0:00:00.006479 seconds
2026-04-02 14:49:09,146 INFO *******Starting function ['D:\\Bharath\\bharath\\appsource\\mck_auth\\build_table.py'] : build_profile_table
2026-04-02 14:49:09,147 INFO *******Finished function ['D:\\Bharath\\bharath\\appsource\\mck_auth\\build_table.py'] : build_profile_table in 0:00:00.001010 seconds
2026-04-02 14:49:09,148 INFO *******Starting function ['D:\\Bharath\\bharath\\appsource\\mck_master\\api.py'] : profile_load_data
2026-04-02 14:49:09,162 INFO *******Finished function ['D:\\Bharath\\bharath\\appsource\\mck_master\\api.py'] : profile_load_data in 0:00:00.013789 seconds
2026-04-02 14:49:09,163 INFO *******Finished function ['D:\\Bharath\\bharath\\appsource\\mck_master\\views.py'] : ProfileList.post in 0:00:00.023313 seconds
2026-04-02 14:49:34,612 INFO *******Starting function ['D:\\Bharath\\bharath\\appsource\\mck_admin_console\\views.py'] : DashboardView.get
2026-04-02 14:49:34,612 INFO *******Starting function ['D:\\Bharath\\bharath\\appsource\\mck_auth\\role_validations.py'] : validate_requested_user_function
2026-04-02 14:49:34,614 INFO *******Finished function ['D:\\Bharath\\bharath\\appsource\\mck_auth\\role_validations.py'] : validate_requested_user_function in 0:00:00.002012 seconds
2026-04-02 14:49:34,667 INFO *******Finished function ['D:\\Bharath\\bharath\\appsource\\mck_admin_console\\views.py'] : DashboardView.get in 0:00:00.054618 seconds
2026-04-02 14:49:39,804 INFO *******Starting function ['D:\\Bharath\\bharath\\appsource\\mck_master\\views.py'] : ProfileList.get
2026-04-02 14:49:39,804 INFO *******Starting function ['D:\\Bharath\\bharath\\appsource\\mck_auth\\role_validations.py'] : validate_requested_user_function
2026-04-02 14:49:39,806 INFO *******Finished function ['D:\\Bharath\\bharath\\appsource\\mck_auth\\role_validations.py'] : validate_requested_user_function in 0:00:00.002009 seconds
2026-04-02 14:49:39,806 INFO *******Starting function ['D:\\Bharath\\bharath\\appsource\\mck_auth\\build_table.py'] : build_profile_table
2026-04-02 14:49:39,807 INFO *******Finished function ['D:\\Bharath\\bharath\\appsource\\mck_auth\\build_table.py'] : build_profile_table in 0:00:00.001002 seconds
2026-04-02 14:49:39,813 INFO *******Finished function ['D:\\Bharath\\bharath\\appsource\\mck_master\\views.py'] : ProfileList.get in 0:00:00.009225 seconds
2026-04-02 14:49:39,950 INFO *******Starting function ['D:\\Bharath\\bharath\\appsource\\mck_master\\views.py'] : ProfileList.post
2026-04-02 14:49:39,950 INFO *******Starting function ['D:\\Bharath\\bharath\\appsource\\mck_auth\\role_validations.py'] : validate_requested_user_function
2026-04-02 14:49:39,964 INFO *******Finished function ['D:\\Bharath\\bharath\\appsource\\mck_auth\\role_validations.py'] : validate_requested_user_function in 0:00:00.012726 seconds
2026-04-02 14:49:39,964 INFO *******Starting function ['D:\\Bharath\\bharath\\appsource\\mck_auth\\build_table.py'] : build_profile_table
2026-04-02 14:49:39,966 INFO *******Finished function ['D:\\Bharath\\bharath\\appsource\\mck_auth\\build_table.py'] : build_profile_table in 0:00:00.001206 seconds
2026-04-02 14:49:39,969 INFO *******Starting function ['D:\\Bharath\\bharath\\appsource\\mck_master\\api.py'] : profile_load_data
2026-04-02 14:49:39,979 INFO *******Finished function ['D:\\Bharath\\bharath\\appsource\\mck_master\\api.py'] : profile_load_data in 0:00:00.009468 seconds
2026-04-02 14:49:39,991 INFO *******Finished function ['D:\\Bharath\\bharath\\appsource\\mck_master\\views.py'] : ProfileList.post in 0:00:00.040846 seconds
2026-04-02 14:49:49,808 INFO *******Starting function ['D:\\Bharath\\bharath\\appsource\\mck_admin_console\\views.py'] : GalleryList.get
2026-04-02 14:49:49,808 INFO *******Starting function ['D:\\Bharath\\bharath\\appsource\\mck_auth\\role_validations.py'] : validate_requested_user_function
2026-04-02 14:49:49,813 INFO *******Finished function ['D:\\Bharath\\bharath\\appsource\\mck_auth\\role_validations.py'] : validate_requested_user_function in 0:00:00.004274 seconds
2026-04-02 14:49:49,813 INFO *******Starting function ['D:\\Bharath\\bharath\\appsource\\mck_auth\\build_table.py'] : build_gallery_table
2026-04-02 14:49:49,813 INFO *******Finished function ['D:\\Bharath\\bharath\\appsource\\mck_auth\\build_table.py'] : build_gallery_table in 0:00:00 seconds
2026-04-02 14:49:49,819 INFO *******Finished function ['D:\\Bharath\\bharath\\appsource\\mck_admin_console\\views.py'] : GalleryList.get in 0:00:00.010251 seconds
2026-04-02 14:49:49,996 INFO *******Starting function ['D:\\Bharath\\bharath\\appsource\\mck_admin_console\\views.py'] : GalleryList.post
2026-04-02 14:49:49,996 INFO *******Starting function ['D:\\Bharath\\bharath\\appsource\\mck_auth\\role_validations.py'] : validate_requested_user_function
2026-04-02 14:49:49,996 INFO *******Finished function ['D:\\Bharath\\bharath\\appsource\\mck_auth\\role_validations.py'] : validate_requested_user_function in 0:00:00 seconds
2026-04-02 14:49:49,996 INFO *******Starting function ['D:\\Bharath\\bharath\\appsource\\mck_auth\\build_table.py'] : build_gallery_table
2026-04-02 14:49:49,996 INFO *******Finished function ['D:\\Bharath\\bharath\\appsource\\mck_auth\\build_table.py'] : build_gallery_table in 0:00:00 seconds
2026-04-02 14:49:49,996 INFO *******Starting function ['D:\\Bharath\\bharath\\appsource\\mck_admin_console\\api.py'] : gallery_load_data
2026-04-02 14:49:49,996 INFO *******Finished function ['D:\\Bharath\\bharath\\appsource\\mck_admin_console\\api.py'] : gallery_load_data in 0:00:00 seconds
2026-04-02 14:49:49,996 INFO *******Finished function ['D:\\Bharath\\bharath\\appsource\\mck_admin_console\\views.py'] : GalleryList.post in 0:00:00 seconds
2026-04-02 14:49:51,902 INFO *******Starting function ['D:\\Bharath\\bharath\\appsource\\mck_master\\views.py'] : ProfileList.get
2026-04-02 14:49:51,902 INFO *******Starting function ['D:\\Bharath\\bharath\\appsource\\mck_auth\\role_validations.py'] : validate_requested_user_function
2026-04-02 14:49:51,904 INFO *******Finished function ['D:\\Bharath\\bharath\\appsource\\mck_auth\\role_validations.py'] : validate_requested_user_function in 0:00:00.002000 seconds
2026-04-02 14:49:51,904 INFO *******Starting function ['D:\\Bharath\\bharath\\appsource\\mck_auth\\build_table.py'] : build_profile_table
2026-04-02 14:49:51,905 INFO *******Finished function ['D:\\Bharath\\bharath\\appsource\\mck_auth\\build_table.py'] : build_profile_table in 0:00:00.001000 seconds
2026-04-02 14:49:51,909 INFO *******Finished function ['D:\\Bharath\\bharath\\appsource\\mck_master\\views.py'] : ProfileList.get in 0:00:00.007440 seconds
2026-04-02 14:49:52,040 INFO *******Starting function ['D:\\Bharath\\bharath\\appsource\\mck_master\\views.py'] : ProfileList.post
2026-04-02 14:49:52,040 INFO *******Starting function ['D:\\Bharath\\bharath\\appsource\\mck_auth\\role_validations.py'] : validate_requested_user_function
2026-04-02 14:49:52,055 INFO *******Finished function ['D:\\Bharath\\bharath\\appsource\\mck_auth\\role_validations.py'] : validate_requested_user_function in 0:00:00.015346 seconds
2026-04-02 14:49:52,055 INFO *******Starting function ['D:\\Bharath\\bharath\\appsource\\mck_auth\\build_table.py'] : build_profile_table
2026-04-02 14:49:52,055 INFO *******Finished function ['D:\\Bharath\\bharath\\appsource\\mck_auth\\build_table.py'] : build_profile_table in 0:00:00 seconds
2026-04-02 14:49:52,055 INFO *******Starting function ['D:\\Bharath\\bharath\\appsource\\mck_master\\api.py'] : profile_load_data
2026-04-02 14:49:52,069 INFO *******Finished function ['D:\\Bharath\\bharath\\appsource\\mck_master\\api.py'] : profile_load_data in 0:00:00.014011 seconds
2026-04-02 14:49:52,069 INFO *******Finished function ['D:\\Bharath\\bharath\\appsource\\mck_master\\views.py'] : ProfileList.post in 0:00:00.029357 seconds
2026-04-02 14:50:01,610 INFO *******Starting function ['D:\\Bharath\\bharath\\appsource\\mck_admin_console\\views.py'] : DashboardView.get
2026-04-02 14:50:01,611 INFO *******Starting function ['D:\\Bharath\\bharath\\appsource\\mck_auth\\role_validations.py'] : validate_requested_user_function
2026-04-02 14:50:01,616 INFO *******Finished function ['D:\\Bharath\\bharath\\appsource\\mck_auth\\role_validations.py'] : validate_requested_user_function in 0:00:00.005135 seconds
2026-04-02 14:50:01,631 INFO *******Finished function ['D:\\Bharath\\bharath\\appsource\\mck_admin_console\\views.py'] : DashboardView.get in 0:00:00.020584 seconds
2026-04-02 14:50:35,843 INFO *******Starting function ['D:\\Bharath\\bharath\\appsource\\mck_master\\views.py'] : ProfileList.get
2026-04-02 14:50:35,843 INFO *******Starting function ['D:\\Bharath\\bharath\\appsource\\mck_auth\\role_validations.py'] : validate_requested_user_function
2026-04-02 14:50:35,848 INFO *******Finished function ['D:\\Bharath\\bharath\\appsource\\mck_auth\\role_validations.py'] : validate_requested_user_function in 0:00:00.004564 seconds
2026-04-02 14:50:35,848 INFO *******Starting function ['D:\\Bharath\\bharath\\appsource\\mck_auth\\build_table.py'] : build_profile_table
2026-04-02 14:50:35,848 INFO *******Finished function ['D:\\Bharath\\bharath\\appsource\\mck_auth\\build_table.py'] : build_profile_table in 0:00:00 seconds
2026-04-02 14:50:35,851 INFO *******Finished function ['D:\\Bharath\\bharath\\appsource\\mck_master\\views.py'] : ProfileList.get in 0:00:00.008596 seconds
2026-04-02 14:50:35,990 INFO *******Starting function ['D:\\Bharath\\bharath\\appsource\\mck_master\\views.py'] : ProfileList.post
2026-04-02 14:50:35,990 INFO *******Starting function ['D:\\Bharath\\bharath\\appsource\\mck_auth\\role_validations.py'] : validate_requested_user_function
2026-04-02 14:50:35,999 INFO *******Finished function ['D:\\Bharath\\bharath\\appsource\\mck_auth\\role_validations.py'] : validate_requested_user_function in 0:00:00.009680 seconds
2026-04-02 14:50:35,999 INFO *******Starting function ['D:\\Bharath\\bharath\\appsource\\mck_auth\\build_table.py'] : build_profile_table
2026-04-02 14:50:35,999 INFO *******Finished function ['D:\\Bharath\\bharath\\appsource\\mck_auth\\build_table.py'] : build_profile_table in 0:00:00 seconds
2026-04-02 14:50:35,999 INFO *******Starting function ['D:\\Bharath\\bharath\\appsource\\mck_master\\api.py'] : profile_load_data
2026-04-02 14:50:36,017 INFO *******Finished function ['D:\\Bharath\\bharath\\appsource\\mck_master\\api.py'] : profile_load_data in 0:00:00.017938 seconds
2026-04-02 14:50:36,017 INFO *******Finished function ['D:\\Bharath\\bharath\\appsource\\mck_master\\views.py'] : ProfileList.post in 0:00:00.027618 seconds
2026-04-02 14:50:46,486 INFO *******Starting function ['D:\\Bharath\\bharath\\appsource\\mck_admin_console\\views.py'] : DashboardView.get
2026-04-02 14:50:46,486 INFO *******Starting function ['D:\\Bharath\\bharath\\appsource\\mck_auth\\role_validations.py'] : validate_requested_user_function
2026-04-02 14:50:46,488 INFO *******Finished function ['D:\\Bharath\\bharath\\appsource\\mck_auth\\role_validations.py'] : validate_requested_user_function in 0:00:00.002482 seconds
2026-04-02 14:50:46,500 INFO *******Finished function ['D:\\Bharath\\bharath\\appsource\\mck_admin_console\\views.py'] : DashboardView.get in 0:00:00.013914 seconds
2026-04-02 14:50:52,813 INFO *******Starting function ['D:\\Bharath\\bharath\\appsource\\mck_master\\views.py'] : ProfileList.get
2026-04-02 14:50:52,813 INFO *******Starting function ['D:\\Bharath\\bharath\\appsource\\mck_auth\\role_validations.py'] : validate_requested_user_function
2026-04-02 14:50:52,816 INFO *******Finished function ['D:\\Bharath\\bharath\\appsource\\mck_auth\\role_validations.py'] : validate_requested_user_function in 0:00:00.002380 seconds
2026-04-02 14:50:52,816 INFO *******Starting function ['D:\\Bharath\\bharath\\appsource\\mck_auth\\build_table.py'] : build_profile_table
2026-04-02 14:50:52,816 INFO *******Finished function ['D:\\Bharath\\bharath\\appsource\\mck_auth\\build_table.py'] : build_profile_table in 0:00:00 seconds
2026-04-02 14:50:52,820 INFO *******Finished function ['D:\\Bharath\\bharath\\appsource\\mck_master\\views.py'] : ProfileList.get in 0:00:00.005387 seconds
2026-04-02 14:50:52,971 INFO *******Starting function ['D:\\Bharath\\bharath\\appsource\\mck_master\\views.py'] : ProfileList.post
2026-04-02 14:50:52,972 INFO *******Starting function ['D:\\Bharath\\bharath\\appsource\\mck_auth\\role_validations.py'] : validate_requested_user_function
2026-04-02 14:50:52,981 INFO *******Finished function ['D:\\Bharath\\bharath\\appsource\\mck_auth\\role_validations.py'] : validate_requested_user_function in 0:00:00.008003 seconds
2026-04-02 14:50:52,981 INFO *******Starting function ['D:\\Bharath\\bharath\\appsource\\mck_auth\\build_table.py'] : build_profile_table
2026-04-02 14:50:52,981 INFO *******Finished function ['D:\\Bharath\\bharath\\appsource\\mck_auth\\build_table.py'] : build_profile_table in 0:00:00 seconds
2026-04-02 14:50:52,981 INFO *******Starting function ['D:\\Bharath\\bharath\\appsource\\mck_master\\api.py'] : profile_load_data
2026-04-02 14:50:52,991 INFO *******Finished function ['D:\\Bharath\\bharath\\appsource\\mck_master\\api.py'] : profile_load_data in 0:00:00.009999 seconds
2026-04-02 14:50:52,991 INFO *******Finished function ['D:\\Bharath\\bharath\\appsource\\mck_master\\views.py'] : ProfileList.post in 0:00:00.019996 seconds
2026-04-02 14:54:45,206 INFO *******Starting function ['D:\\Bharath\\bharath\\appsource\\mck_master\\views.py'] : ProfileList.get
2026-04-02 14:54:45,206 INFO *******Starting function ['D:\\Bharath\\bharath\\appsource\\mck_auth\\role_validations.py'] : validate_requested_user_function
2026-04-02 14:54:45,211 INFO *******Finished function ['D:\\Bharath\\bharath\\appsource\\mck_auth\\role_validations.py'] : validate_requested_user_function in 0:00:00.004951 seconds
2026-04-02 14:54:45,211 INFO *******Starting function ['D:\\Bharath\\bharath\\appsource\\mck_auth\\build_table.py'] : build_profile_table
2026-04-02 14:54:45,212 INFO *******Finished function ['D:\\Bharath\\bharath\\appsource\\mck_auth\\build_table.py'] : build_profile_table in 0:00:00.001144 seconds
2026-04-02 14:54:45,216 INFO *******Finished function ['D:\\Bharath\\bharath\\appsource\\mck_master\\views.py'] : ProfileList.get in 0:00:00.010092 seconds
2026-04-02 14:54:45,351 INFO *******Starting function ['D:\\Bharath\\bharath\\appsource\\mck_master\\views.py'] : ProfileList.post
2026-04-02 14:54:45,351 INFO *******Starting function ['D:\\Bharath\\bharath\\appsource\\mck_auth\\role_validations.py'] : validate_requested_user_function
2026-04-02 14:54:45,358 INFO *******Finished function ['D:\\Bharath\\bharath\\appsource\\mck_auth\\role_validations.py'] : validate_requested_user_function in 0:00:00.006017 seconds
2026-04-02 14:54:45,358 INFO *******Starting function ['D:\\Bharath\\bharath\\appsource\\mck_auth\\build_table.py'] : build_profile_table
2026-04-02 14:54:45,358 INFO *******Finished function ['D:\\Bharath\\bharath\\appsource\\mck_auth\\build_table.py'] : build_profile_table in 0:00:00 seconds
2026-04-02 14:54:45,358 INFO *******Starting function ['D:\\Bharath\\bharath\\appsource\\mck_master\\api.py'] : profile_load_data
2026-04-02 14:54:45,370 INFO *******Finished function ['D:\\Bharath\\bharath\\appsource\\mck_master\\api.py'] : profile_load_data in 0:00:00.011561 seconds
2026-04-02 14:54:45,370 INFO *******Finished function ['D:\\Bharath\\bharath\\appsource\\mck_master\\views.py'] : ProfileList.post in 0:00:00.018565 seconds
2026-04-02 15:00:39,116 INFO *******Starting function ['D:\\Bharath\\bharath\\appsource\\mck_master\\views.py'] : ProfileList.get
2026-04-02 15:00:39,116 INFO *******Starting function ['D:\\Bharath\\bharath\\appsource\\mck_auth\\role_validations.py'] : validate_requested_user_function
2026-04-02 15:00:39,119 INFO *******Finished function ['D:\\Bharath\\bharath\\appsource\\mck_auth\\role_validations.py'] : validate_requested_user_function in 0:00:00.003020 seconds
2026-04-02 15:00:39,119 INFO *******Starting function ['D:\\Bharath\\bharath\\appsource\\mck_auth\\build_table.py'] : build_profile_table
2026-04-02 15:00:39,119 INFO *******Finished function ['D:\\Bharath\\bharath\\appsource\\mck_auth\\build_table.py'] : build_profile_table in 0:00:00 seconds
2026-04-02 15:00:39,125 INFO *******Finished function ['D:\\Bharath\\bharath\\appsource\\mck_master\\views.py'] : ProfileList.get in 0:00:00.008999 seconds
2026-04-02 15:00:39,270 INFO *******Starting function ['D:\\Bharath\\bharath\\appsource\\mck_master\\views.py'] : ProfileList.post
2026-04-02 15:00:39,271 INFO *******Starting function ['D:\\Bharath\\bharath\\appsource\\mck_auth\\role_validations.py'] : validate_requested_user_function
2026-04-02 15:00:39,284 INFO *******Finished function ['D:\\Bharath\\bharath\\appsource\\mck_auth\\role_validations.py'] : validate_requested_user_function in 0:00:00.013104 seconds
2026-04-02 15:00:39,284 INFO *******Starting function ['D:\\Bharath\\bharath\\appsource\\mck_auth\\build_table.py'] : build_profile_table
2026-04-02 15:00:39,285 INFO *******Finished function ['D:\\Bharath\\bharath\\appsource\\mck_auth\\build_table.py'] : build_profile_table in 0:00:00.001012 seconds
2026-04-02 15:00:39,286 INFO *******Starting function ['D:\\Bharath\\bharath\\appsource\\mck_master\\api.py'] : profile_load_data
2026-04-02 15:00:39,291 INFO *******Finished function ['D:\\Bharath\\bharath\\appsource\\mck_master\\api.py'] : profile_load_data in 0:00:00.005000 seconds
2026-04-02 15:00:39,291 INFO *******Finished function ['D:\\Bharath\\bharath\\appsource\\mck_master\\views.py'] : ProfileList.post in 0:00:00.020102 seconds
2026-04-02 15:01:12,922 INFO *******Starting function ['D:\\Bharath\\bharath\\appsource\\mck_master\\views.py'] : ProfileList.get
2026-04-02 15:01:12,922 INFO *******Starting function ['D:\\Bharath\\bharath\\appsource\\mck_auth\\role_validations.py'] : validate_requested_user_function
2026-04-02 15:01:12,925 INFO *******Finished function ['D:\\Bharath\\bharath\\appsource\\mck_auth\\role_validations.py'] : validate_requested_user_function in 0:00:00.003002 seconds
2026-04-02 15:01:12,925 INFO *******Starting function ['D:\\Bharath\\bharath\\appsource\\mck_auth\\build_table.py'] : build_profile_table
2026-04-02 15:01:12,928 INFO *******Finished function ['D:\\Bharath\\bharath\\appsource\\mck_auth\\build_table.py'] : build_profile_table in 0:00:00.002560 seconds
2026-04-02 15:01:12,947 INFO *******Finished function ['D:\\Bharath\\bharath\\appsource\\mck_master\\views.py'] : ProfileList.get in 0:00:00.025304 seconds
2026-04-02 15:01:13,064 INFO *******Starting function ['D:\\Bharath\\bharath\\appsource\\mck_master\\views.py'] : ProfileList.post
2026-04-02 15:01:13,065 INFO *******Starting function ['D:\\Bharath\\bharath\\appsource\\mck_auth\\role_validations.py'] : validate_requested_user_function
2026-04-02 15:01:13,067 INFO *******Finished function ['D:\\Bharath\\bharath\\appsource\\mck_auth\\role_validations.py'] : validate_requested_user_function in 0:00:00.002402 seconds
2026-04-02 15:01:13,067 INFO *******Starting function ['D:\\Bharath\\bharath\\appsource\\mck_auth\\build_table.py'] : build_profile_table
2026-04-02 15:01:13,067 INFO *******Finished function ['D:\\Bharath\\bharath\\appsource\\mck_auth\\build_table.py'] : build_profile_table in 0:00:00 seconds
2026-04-02 15:01:13,067 INFO *******Starting function ['D:\\Bharath\\bharath\\appsource\\mck_master\\api.py'] : profile_load_data
2026-04-02 15:01:13,082 INFO *******Finished function ['D:\\Bharath\\bharath\\appsource\\mck_master\\api.py'] : profile_load_data in 0:00:00.014677 seconds
2026-04-02 15:01:13,082 INFO *******Finished function ['D:\\Bharath\\bharath\\appsource\\mck_master\\views.py'] : ProfileList.post in 0:00:00.018075 seconds
2026-04-02 15:01:14,268 INFO *******Starting function ['D:\\Bharath\\bharath\\appsource\\mck_master\\views.py'] : ProfileList.get
2026-04-02 15:01:14,268 INFO *******Starting function ['D:\\Bharath\\bharath\\appsource\\mck_auth\\role_validations.py'] : validate_requested_user_function
2026-04-02 15:01:14,270 INFO *******Finished function ['D:\\Bharath\\bharath\\appsource\\mck_auth\\role_validations.py'] : validate_requested_user_function in 0:00:00.002000 seconds
2026-04-02 15:01:14,270 INFO *******Starting function ['D:\\Bharath\\bharath\\appsource\\mck_auth\\build_table.py'] : build_profile_table
2026-04-02 15:01:14,270 INFO *******Finished function ['D:\\Bharath\\bharath\\appsource\\mck_auth\\build_table.py'] : build_profile_table in 0:00:00 seconds
2026-04-02 15:01:14,274 INFO *******Finished function ['D:\\Bharath\\bharath\\appsource\\mck_master\\views.py'] : ProfileList.get in 0:00:00.005989 seconds
2026-04-02 15:01:14,389 INFO *******Starting function ['D:\\Bharath\\bharath\\appsource\\mck_master\\views.py'] : ProfileList.post
2026-04-02 15:01:14,389 INFO *******Starting function ['D:\\Bharath\\bharath\\appsource\\mck_auth\\role_validations.py'] : validate_requested_user_function
2026-04-02 15:01:14,403 INFO *******Finished function ['D:\\Bharath\\bharath\\appsource\\mck_auth\\role_validations.py'] : validate_requested_user_function in 0:00:00.013335 seconds
2026-04-02 15:01:14,404 INFO *******Starting function ['D:\\Bharath\\bharath\\appsource\\mck_auth\\build_table.py'] : build_profile_table
2026-04-02 15:01:14,405 INFO *******Finished function ['D:\\Bharath\\bharath\\appsource\\mck_auth\\build_table.py'] : build_profile_table in 0:00:00.000993 seconds
2026-04-02 15:01:14,405 INFO *******Starting function ['D:\\Bharath\\bharath\\appsource\\mck_master\\api.py'] : profile_load_data
2026-04-02 15:01:14,417 INFO *******Finished function ['D:\\Bharath\\bharath\\appsource\\mck_master\\api.py'] : profile_load_data in 0:00:00.012521 seconds
2026-04-02 15:01:14,418 INFO *******Finished function ['D:\\Bharath\\bharath\\appsource\\mck_master\\views.py'] : ProfileList.post in 0:00:00.028848 seconds
2026-04-02 15:01:15,589 INFO *******Starting function ['D:\\Bharath\\bharath\\appsource\\mck_admin_console\\views.py'] : GalleryList.get
2026-04-02 15:01:15,589 INFO *******Starting function ['D:\\Bharath\\bharath\\appsource\\mck_auth\\role_validations.py'] : validate_requested_user_function
2026-04-02 15:01:15,591 INFO *******Finished function ['D:\\Bharath\\bharath\\appsource\\mck_auth\\role_validations.py'] : validate_requested_user_function in 0:00:00.002000 seconds
2026-04-02 15:01:15,591 INFO *******Starting function ['D:\\Bharath\\bharath\\appsource\\mck_auth\\build_table.py'] : build_gallery_table
2026-04-02 15:01:15,591 INFO *******Finished function ['D:\\Bharath\\bharath\\appsource\\mck_auth\\build_table.py'] : build_gallery_table in 0:00:00 seconds
2026-04-02 15:01:15,597 INFO *******Finished function ['D:\\Bharath\\bharath\\appsource\\mck_admin_console\\views.py'] : GalleryList.get in 0:00:00.007546 seconds
2026-04-02 15:01:15,718 INFO *******Starting function ['D:\\Bharath\\bharath\\appsource\\mck_admin_console\\views.py'] : GalleryList.post
2026-04-02 15:01:15,718 INFO *******Starting function ['D:\\Bharath\\bharath\\appsource\\mck_auth\\role_validations.py'] : validate_requested_user_function
2026-04-02 15:01:15,726 INFO *******Finished function ['D:\\Bharath\\bharath\\appsource\\mck_auth\\role_validations.py'] : validate_requested_user_function in 0:00:00.008016 seconds
2026-04-02 15:01:15,727 INFO *******Starting function ['D:\\Bharath\\bharath\\appsource\\mck_auth\\build_table.py'] : build_gallery_table
2026-04-02 15:01:15,727 INFO *******Finished function ['D:\\Bharath\\bharath\\appsource\\mck_auth\\build_table.py'] : build_gallery_table in 0:00:00 seconds
2026-04-02 15:01:15,727 INFO *******Starting function ['D:\\Bharath\\bharath\\appsource\\mck_admin_console\\api.py'] : gallery_load_data
2026-04-02 15:01:15,736 INFO *******Finished function ['D:\\Bharath\\bharath\\appsource\\mck_admin_console\\api.py'] : gallery_load_data in 0:00:00.008992 seconds
2026-04-02 15:01:15,736 INFO *******Finished function ['D:\\Bharath\\bharath\\appsource\\mck_admin_console\\views.py'] : GalleryList.post in 0:00:00.018005 seconds
2026-04-02 15:01:17,526 INFO *******Starting function ['D:\\Bharath\\bharath\\appsource\\mck_admin_console\\views.py'] : GalleryList.get
2026-04-02 15:01:17,526 INFO *******Starting function ['D:\\Bharath\\bharath\\appsource\\mck_auth\\role_validations.py'] : validate_requested_user_function
2026-04-02 15:01:17,526 INFO *******Finished function ['D:\\Bharath\\bharath\\appsource\\mck_auth\\role_validations.py'] : validate_requested_user_function in 0:00:00 seconds
2026-04-02 15:01:17,526 INFO *******Starting function ['D:\\Bharath\\bharath\\appsource\\mck_auth\\build_table.py'] : build_gallery_table
2026-04-02 15:01:17,526 INFO *******Finished function ['D:\\Bharath\\bharath\\appsource\\mck_auth\\build_table.py'] : build_gallery_table in 0:00:00 seconds
2026-04-02 15:01:17,542 INFO *******Finished function ['D:\\Bharath\\bharath\\appsource\\mck_admin_console\\views.py'] : GalleryList.get in 0:00:00.015796 seconds
2026-04-02 15:01:17,658 INFO *******Starting function ['D:\\Bharath\\bharath\\appsource\\mck_admin_console\\views.py'] : GalleryList.post
2026-04-02 15:01:17,658 INFO *******Starting function ['D:\\Bharath\\bharath\\appsource\\mck_auth\\role_validations.py'] : validate_requested_user_function
2026-04-02 15:01:17,673 INFO *******Finished function ['D:\\Bharath\\bharath\\appsource\\mck_auth\\role_validations.py'] : validate_requested_user_function in 0:00:00.014351 seconds
2026-04-02 15:01:17,673 INFO *******Starting function ['D:\\Bharath\\bharath\\appsource\\mck_auth\\build_table.py'] : build_gallery_table
2026-04-02 15:01:17,673 INFO *******Finished function ['D:\\Bharath\\bharath\\appsource\\mck_auth\\build_table.py'] : build_gallery_table in 0:00:00 seconds
2026-04-02 15:01:17,673 INFO *******Starting function ['D:\\Bharath\\bharath\\appsource\\mck_admin_console\\api.py'] : gallery_load_data
2026-04-02 15:01:17,673 INFO *******Finished function ['D:\\Bharath\\bharath\\appsource\\mck_admin_console\\api.py'] : gallery_load_data in 0:00:00 seconds
2026-04-02 15:01:17,677 INFO *******Finished function ['D:\\Bharath\\bharath\\appsource\\mck_admin_console\\views.py'] : GalleryList.post in 0:00:00.019085 seconds
2026-04-02 15:01:18,448 INFO *******Starting function ['D:\\Bharath\\bharath\\appsource\\mck_admin_console\\views.py'] : GalleryList.get
2026-04-02 15:01:18,448 INFO *******Starting function ['D:\\Bharath\\bharath\\appsource\\mck_auth\\role_validations.py'] : validate_requested_user_function
2026-04-02 15:01:18,448 INFO *******Finished function ['D:\\Bharath\\bharath\\appsource\\mck_auth\\role_validations.py'] : validate_requested_user_function in 0:00:00 seconds
2026-04-02 15:01:18,448 INFO *******Starting function ['D:\\Bharath\\bharath\\appsource\\mck_auth\\build_table.py'] : build_gallery_table
2026-04-02 15:01:18,448 INFO *******Finished function ['D:\\Bharath\\bharath\\appsource\\mck_auth\\build_table.py'] : build_gallery_table in 0:00:00 seconds
2026-04-02 15:01:18,448 INFO *******Finished function ['D:\\Bharath\\bharath\\appsource\\mck_admin_console\\views.py'] : GalleryList.get in 0:00:00 seconds
2026-04-02 15:01:18,562 INFO *******Starting function ['D:\\Bharath\\bharath\\appsource\\mck_admin_console\\views.py'] : GalleryList.post
2026-04-02 15:01:18,562 INFO *******Starting function ['D:\\Bharath\\bharath\\appsource\\mck_auth\\role_validations.py'] : validate_requested_user_function
2026-04-02 15:01:18,570 INFO *******Finished function ['D:\\Bharath\\bharath\\appsource\\mck_auth\\role_validations.py'] : validate_requested_user_function in 0:00:00.008002 seconds
2026-04-02 15:01:18,570 INFO *******Starting function ['D:\\Bharath\\bharath\\appsource\\mck_auth\\build_table.py'] : build_gallery_table
2026-04-02 15:01:18,570 INFO *******Finished function ['D:\\Bharath\\bharath\\appsource\\mck_auth\\build_table.py'] : build_gallery_table in 0:00:00 seconds
2026-04-02 15:01:18,570 INFO *******Starting function ['D:\\Bharath\\bharath\\appsource\\mck_admin_console\\api.py'] : gallery_load_data
2026-04-02 15:01:18,577 INFO *******Finished function ['D:\\Bharath\\bharath\\appsource\\mck_admin_console\\api.py'] : gallery_load_data in 0:00:00.006998 seconds
2026-04-02 15:01:18,578 INFO *******Finished function ['D:\\Bharath\\bharath\\appsource\\mck_admin_console\\views.py'] : GalleryList.post in 0:00:00.016003 seconds
2026-04-02 15:01:18,613 INFO *******Starting function ['D:\\Bharath\\bharath\\appsource\\mck_admin_console\\views.py'] : GalleryList.get
2026-04-02 15:01:18,614 INFO *******Starting function ['D:\\Bharath\\bharath\\appsource\\mck_auth\\role_validations.py'] : validate_requested_user_function
2026-04-02 15:01:18,618 INFO *******Finished function ['D:\\Bharath\\bharath\\appsource\\mck_auth\\role_validations.py'] : validate_requested_user_function in 0:00:00.004008 seconds
2026-04-02 15:01:18,619 INFO *******Starting function ['D:\\Bharath\\bharath\\appsource\\mck_auth\\build_table.py'] : build_gallery_table
2026-04-02 15:01:18,620 INFO *******Finished function ['D:\\Bharath\\bharath\\appsource\\mck_auth\\build_table.py'] : build_gallery_table in 0:00:00.001002 seconds
2026-04-02 15:01:18,623 INFO *******Finished function ['D:\\Bharath\\bharath\\appsource\\mck_admin_console\\views.py'] : GalleryList.get in 0:00:00.010001 seconds
2026-04-02 15:01:18,733 INFO *******Starting function ['D:\\Bharath\\bharath\\appsource\\mck_admin_console\\views.py'] : GalleryList.post
2026-04-02 15:01:18,733 INFO *******Starting function ['D:\\Bharath\\bharath\\appsource\\mck_auth\\role_validations.py'] : validate_requested_user_function
2026-04-02 15:01:18,740 INFO *******Finished function ['D:\\Bharath\\bharath\\appsource\\mck_auth\\role_validations.py'] : validate_requested_user_function in 0:00:00.007002 seconds
2026-04-02 15:01:18,740 INFO *******Starting function ['D:\\Bharath\\bharath\\appsource\\mck_auth\\build_table.py'] : build_gallery_table
2026-04-02 15:01:18,741 INFO *******Finished function ['D:\\Bharath\\bharath\\appsource\\mck_auth\\build_table.py'] : build_gallery_table in 0:00:00.001056 seconds
2026-04-02 15:01:18,741 INFO *******Starting function ['D:\\Bharath\\bharath\\appsource\\mck_admin_console\\api.py'] : gallery_load_data
2026-04-02 15:01:18,753 INFO *******Finished function ['D:\\Bharath\\bharath\\appsource\\mck_admin_console\\api.py'] : gallery_load_data in 0:00:00.012037 seconds
2026-04-02 15:01:18,753 INFO *******Finished function ['D:\\Bharath\\bharath\\appsource\\mck_admin_console\\views.py'] : GalleryList.post in 0:00:00.020095 seconds
2026-04-02 15:01:18,777 INFO *******Starting function ['D:\\Bharath\\bharath\\appsource\\mck_admin_console\\views.py'] : GalleryList.get
2026-04-02 15:01:18,777 INFO *******Starting function ['D:\\Bharath\\bharath\\appsource\\mck_auth\\role_validations.py'] : validate_requested_user_function
2026-04-02 15:01:18,782 INFO *******Finished function ['D:\\Bharath\\bharath\\appsource\\mck_auth\\role_validations.py'] : validate_requested_user_function in 0:00:00.004763 seconds
2026-04-02 15:01:18,782 INFO *******Starting function ['D:\\Bharath\\bharath\\appsource\\mck_auth\\build_table.py'] : build_gallery_table
2026-04-02 15:01:18,782 INFO *******Finished function ['D:\\Bharath\\bharath\\appsource\\mck_auth\\build_table.py'] : build_gallery_table in 0:00:00 seconds
2026-04-02 15:01:18,784 INFO *******Finished function ['D:\\Bharath\\bharath\\appsource\\mck_admin_console\\views.py'] : GalleryList.get in 0:00:00.006751 seconds
2026-04-02 15:01:18,914 INFO *******Starting function ['D:\\Bharath\\bharath\\appsource\\mck_admin_console\\views.py'] : GalleryList.post
2026-04-02 15:01:18,914 INFO *******Starting function ['D:\\Bharath\\bharath\\appsource\\mck_auth\\role_validations.py'] : validate_requested_user_function
2026-04-02 15:01:18,920 INFO *******Finished function ['D:\\Bharath\\bharath\\appsource\\mck_auth\\role_validations.py'] : validate_requested_user_function in 0:00:00.006024 seconds
2026-04-02 15:01:18,920 INFO *******Starting function ['D:\\Bharath\\bharath\\appsource\\mck_auth\\build_table.py'] : build_gallery_table
2026-04-02 15:01:18,921 INFO *******Finished function ['D:\\Bharath\\bharath\\appsource\\mck_auth\\build_table.py'] : build_gallery_table in 0:00:00.000984 seconds
2026-04-02 15:01:18,922 INFO *******Starting function ['D:\\Bharath\\bharath\\appsource\\mck_admin_console\\api.py'] : gallery_load_data
2026-04-02 15:01:18,926 INFO *******Finished function ['D:\\Bharath\\bharath\\appsource\\mck_admin_console\\api.py'] : gallery_load_data in 0:00:00.003994 seconds
2026-04-02 15:01:18,927 INFO *******Finished function ['D:\\Bharath\\bharath\\appsource\\mck_admin_console\\views.py'] : GalleryList.post in 0:00:00.013002 seconds
2026-04-02 15:01:18,954 INFO *******Starting function ['D:\\Bharath\\bharath\\appsource\\mck_admin_console\\views.py'] : GalleryList.get
2026-04-02 15:01:18,954 INFO *******Starting function ['D:\\Bharath\\bharath\\appsource\\mck_auth\\role_validations.py'] : validate_requested_user_function
2026-04-02 15:01:18,954 INFO *******Finished function ['D:\\Bharath\\bharath\\appsource\\mck_auth\\role_validations.py'] : validate_requested_user_function in 0:00:00 seconds
2026-04-02 15:01:18,954 INFO *******Starting function ['D:\\Bharath\\bharath\\appsource\\mck_auth\\build_table.py'] : build_gallery_table
2026-04-02 15:01:18,954 INFO *******Finished function ['D:\\Bharath\\bharath\\appsource\\mck_auth\\build_table.py'] : build_gallery_table in 0:00:00 seconds
2026-04-02 15:01:18,970 INFO *******Finished function ['D:\\Bharath\\bharath\\appsource\\mck_admin_console\\views.py'] : GalleryList.get in 0:00:00.015833 seconds
2026-04-02 15:01:19,083 INFO *******Starting function ['D:\\Bharath\\bharath\\appsource\\mck_admin_console\\views.py'] : GalleryList.post
2026-04-02 15:01:19,083 INFO *******Starting function ['D:\\Bharath\\bharath\\appsource\\mck_auth\\role_validations.py'] : validate_requested_user_function
2026-04-02 15:01:19,090 INFO *******Finished function ['D:\\Bharath\\bharath\\appsource\\mck_auth\\role_validations.py'] : validate_requested_user_function in 0:00:00.007021 seconds
2026-04-02 15:01:19,090 INFO *******Starting function ['D:\\Bharath\\bharath\\appsource\\mck_auth\\build_table.py'] : build_gallery_table
2026-04-02 15:01:19,091 INFO *******Finished function ['D:\\Bharath\\bharath\\appsource\\mck_auth\\build_table.py'] : build_gallery_table in 0:00:00.000994 seconds
2026-04-02 15:01:19,091 INFO *******Starting function ['D:\\Bharath\\bharath\\appsource\\mck_admin_console\\api.py'] : gallery_load_data
2026-04-02 15:01:19,098 INFO *******Finished function ['D:\\Bharath\\bharath\\appsource\\mck_admin_console\\api.py'] : gallery_load_data in 0:00:00.007223 seconds
2026-04-02 15:01:19,099 INFO *******Finished function ['D:\\Bharath\\bharath\\appsource\\mck_admin_console\\views.py'] : GalleryList.post in 0:00:00.016259 seconds
2026-04-02 15:01:19,112 INFO *******Starting function ['D:\\Bharath\\bharath\\appsource\\mck_admin_console\\views.py'] : GalleryList.get
2026-04-02 15:01:19,112 INFO *******Starting function ['D:\\Bharath\\bharath\\appsource\\mck_auth\\role_validations.py'] : validate_requested_user_function
2026-04-02 15:01:19,131 INFO *******Finished function ['D:\\Bharath\\bharath\\appsource\\mck_auth\\role_validations.py'] : validate_requested_user_function in 0:00:00.018252 seconds
2026-04-02 15:01:19,131 INFO *******Starting function ['D:\\Bharath\\bharath\\appsource\\mck_auth\\build_table.py'] : build_gallery_table
2026-04-02 15:01:19,131 INFO *******Finished function ['D:\\Bharath\\bharath\\appsource\\mck_auth\\build_table.py'] : build_gallery_table in 0:00:00 seconds
2026-04-02 15:01:19,135 INFO *******Finished function ['D:\\Bharath\\bharath\\appsource\\mck_admin_console\\views.py'] : GalleryList.get in 0:00:00.023260 seconds
2026-04-02 15:01:19,258 INFO *******Starting function ['D:\\Bharath\\bharath\\appsource\\mck_admin_console\\views.py'] : GalleryList.post
2026-04-02 15:01:19,259 INFO *******Starting function ['D:\\Bharath\\bharath\\appsource\\mck_auth\\role_validations.py'] : validate_requested_user_function
2026-04-02 15:01:19,266 INFO *******Finished function ['D:\\Bharath\\bharath\\appsource\\mck_auth\\role_validations.py'] : validate_requested_user_function in 0:00:00.006808 seconds
2026-04-02 15:01:19,267 INFO *******Starting function ['D:\\Bharath\\bharath\\appsource\\mck_auth\\build_table.py'] : build_gallery_table
2026-04-02 15:01:19,267 INFO *******Finished function ['D:\\Bharath\\bharath\\appsource\\mck_auth\\build_table.py'] : build_gallery_table in 0:00:00 seconds
2026-04-02 15:01:19,268 INFO *******Starting function ['D:\\Bharath\\bharath\\appsource\\mck_admin_console\\api.py'] : gallery_load_data
2026-04-02 15:01:19,273 INFO *******Finished function ['D:\\Bharath\\bharath\\appsource\\mck_admin_console\\api.py'] : gallery_load_data in 0:00:00.005004 seconds
2026-04-02 15:01:19,273 INFO *******Finished function ['D:\\Bharath\\bharath\\appsource\\mck_admin_console\\views.py'] : GalleryList.post in 0:00:00.014815 seconds
2026-04-02 15:01:47,743 INFO *******Starting function ['D:\\Bharath\\bharath\\appsource\\mck_admin_console\\views.py'] : GalleryList.get
2026-04-02 15:01:47,744 INFO *******Starting function ['D:\\Bharath\\bharath\\appsource\\mck_auth\\role_validations.py'] : validate_requested_user_function
2026-04-02 15:01:47,746 INFO *******Finished function ['D:\\Bharath\\bharath\\appsource\\mck_auth\\role_validations.py'] : validate_requested_user_function in 0:00:00.001993 seconds
2026-04-02 15:01:47,746 INFO *******Starting function ['D:\\Bharath\\bharath\\appsource\\mck_auth\\build_table.py'] : build_gallery_table
2026-04-02 15:01:47,747 ERROR Error at 504:'mck_admin_console' is not a registered namespace
2026-04-02 15:01:47,747 INFO *******Finished function ['D:\\Bharath\\bharath\\appsource\\mck_auth\\build_table.py'] : build_gallery_table in 0:00:00.000999 seconds
2026-04-02 15:01:47,755 ERROR Function 'GalleryList.get' raised NoReverseMatch with error ''mck_admin_console' is not a registered namespace'
2026-04-02 15:02:43,828 INFO *******Starting function ['D:\\Bharath\\bharath\\appsource\\mck_admin_console\\views.py'] : GalleryList.get
2026-04-02 15:02:43,828 INFO *******Starting function ['D:\\Bharath\\bharath\\appsource\\mck_auth\\role_validations.py'] : validate_requested_user_function
2026-04-02 15:02:43,831 INFO *******Finished function ['D:\\Bharath\\bharath\\appsource\\mck_auth\\role_validations.py'] : validate_requested_user_function in 0:00:00.003544 seconds
2026-04-02 15:02:43,831 INFO *******Starting function ['D:\\Bharath\\bharath\\appsource\\mck_auth\\build_table.py'] : build_gallery_table
2026-04-02 15:02:43,831 ERROR Error at 504:'mck_admin_console' is not a registered namespace
2026-04-02 15:02:43,831 INFO *******Finished function ['D:\\Bharath\\bharath\\appsource\\mck_auth\\build_table.py'] : build_gallery_table in 0:00:00 seconds
2026-04-02 15:02:43,848 ERROR Function 'GalleryList.get' raised NoReverseMatch with error ''svm_master' is not a registered namespace'
2026-04-02 15:03:07,093 INFO *******Starting function ['D:\\Bharath\\bharath\\appsource\\mck_admin_console\\views.py'] : GalleryList.get
2026-04-02 15:03:07,093 INFO *******Starting function ['D:\\Bharath\\bharath\\appsource\\mck_auth\\role_validations.py'] : validate_requested_user_function
2026-04-02 15:03:07,094 INFO *******Finished function ['D:\\Bharath\\bharath\\appsource\\mck_auth\\role_validations.py'] : validate_requested_user_function in 0:00:00.001001 seconds
2026-04-02 15:03:07,094 INFO *******Starting function ['D:\\Bharath\\bharath\\appsource\\mck_auth\\build_table.py'] : build_gallery_table
2026-04-02 15:03:07,094 ERROR Error at 504:'mck_admin_console' is not a registered namespace
2026-04-02 15:03:07,094 INFO *******Finished function ['D:\\Bharath\\bharath\\appsource\\mck_auth\\build_table.py'] : build_gallery_table in 0:00:00 seconds
2026-04-02 15:03:07,121 INFO *******Finished function ['D:\\Bharath\\bharath\\appsource\\mck_admin_console\\views.py'] : GalleryList.get in 0:00:00.028905 seconds
2026-04-02 15:03:11,965 INFO *******Starting function ['D:\\Bharath\\bharath\\appsource\\mck_admin_console\\views.py'] : DashboardView.get
2026-04-02 15:03:11,965 INFO *******Starting function ['D:\\Bharath\\bharath\\appsource\\mck_auth\\role_validations.py'] : validate_requested_user_function
2026-04-02 15:03:11,967 INFO *******Finished function ['D:\\Bharath\\bharath\\appsource\\mck_auth\\role_validations.py'] : validate_requested_user_function in 0:00:00.002000 seconds
2026-04-02 15:03:11,981 INFO *******Finished function ['D:\\Bharath\\bharath\\appsource\\mck_admin_console\\views.py'] : DashboardView.get in 0:00:00.015754 seconds
2026-04-02 15:03:15,464 INFO *******Starting function ['D:\\Bharath\\bharath\\appsource\\mck_master\\views.py'] : ProfileList.get
2026-04-02 15:03:15,464 INFO *******Starting function ['D:\\Bharath\\bharath\\appsource\\mck_auth\\role_validations.py'] : validate_requested_user_function
2026-04-02 15:03:15,466 INFO *******Finished function ['D:\\Bharath\\bharath\\appsource\\mck_auth\\role_validations.py'] : validate_requested_user_function in 0:00:00.001999 seconds
2026-04-02 15:03:15,466 INFO *******Starting function ['D:\\Bharath\\bharath\\appsource\\mck_auth\\build_table.py'] : build_profile_table
2026-04-02 15:03:15,466 INFO *******Finished function ['D:\\Bharath\\bharath\\appsource\\mck_auth\\build_table.py'] : build_profile_table in 0:00:00 seconds
2026-04-02 15:03:15,470 INFO *******Finished function ['D:\\Bharath\\bharath\\appsource\\mck_master\\views.py'] : ProfileList.get in 0:00:00.006005 seconds
2026-04-02 15:03:15,632 INFO *******Starting function ['D:\\Bharath\\bharath\\appsource\\mck_master\\views.py'] : ProfileList.post
2026-04-02 15:03:15,632 INFO *******Starting function ['D:\\Bharath\\bharath\\appsource\\mck_auth\\role_validations.py'] : validate_requested_user_function
2026-04-02 15:03:15,641 INFO *******Finished function ['D:\\Bharath\\bharath\\appsource\\mck_auth\\role_validations.py'] : validate_requested_user_function in 0:00:00.008996 seconds
2026-04-02 15:03:15,641 INFO *******Starting function ['D:\\Bharath\\bharath\\appsource\\mck_auth\\build_table.py'] : build_profile_table
2026-04-02 15:03:15,641 INFO *******Finished function ['D:\\Bharath\\bharath\\appsource\\mck_auth\\build_table.py'] : build_profile_table in 0:00:00 seconds
2026-04-02 15:03:15,641 INFO *******Starting function ['D:\\Bharath\\bharath\\appsource\\mck_master\\api.py'] : profile_load_data
2026-04-02 15:03:15,645 INFO *******Finished function ['D:\\Bharath\\bharath\\appsource\\mck_master\\api.py'] : profile_load_data in 0:00:00.003851 seconds
2026-04-02 15:03:15,645 INFO *******Finished function ['D:\\Bharath\\bharath\\appsource\\mck_master\\views.py'] : ProfileList.post in 0:00:00.012847 seconds
2026-04-02 15:03:17,159 INFO *******Starting function ['D:\\Bharath\\bharath\\appsource\\mck_admin_console\\views.py'] : GalleryList.get
2026-04-02 15:03:17,159 INFO *******Starting function ['D:\\Bharath\\bharath\\appsource\\mck_auth\\role_validations.py'] : validate_requested_user_function
2026-04-02 15:03:17,163 INFO *******Finished function ['D:\\Bharath\\bharath\\appsource\\mck_auth\\role_validations.py'] : validate_requested_user_function in 0:00:00.004118 seconds
2026-04-02 15:03:17,163 INFO *******Starting function ['D:\\Bharath\\bharath\\appsource\\mck_auth\\build_table.py'] : build_gallery_table
2026-04-02 15:03:17,163 ERROR Error at 504:'mck_admin_console' is not a registered namespace
2026-04-02 15:03:17,163 INFO *******Finished function ['D:\\Bharath\\bharath\\appsource\\mck_auth\\build_table.py'] : build_gallery_table in 0:00:00 seconds
2026-04-02 15:03:17,168 INFO *******Finished function ['D:\\Bharath\\bharath\\appsource\\mck_admin_console\\views.py'] : GalleryList.get in 0:00:00.008982 seconds
2026-04-02 15:04:15,733 INFO *******Starting function ['D:\\Bharath\\bharath\\appsource\\mck_admin_console\\views.py'] : GalleryList.get
2026-04-02 15:04:15,733 INFO *******Starting function ['D:\\Bharath\\bharath\\appsource\\mck_auth\\role_validations.py'] : validate_requested_user_function
2026-04-02 15:04:15,735 INFO *******Finished function ['D:\\Bharath\\bharath\\appsource\\mck_auth\\role_validations.py'] : validate_requested_user_function in 0:00:00.001999 seconds
2026-04-02 15:04:15,735 INFO *******Starting function ['D:\\Bharath\\bharath\\appsource\\mck_auth\\build_table.py'] : build_gallery_table
2026-04-02 15:04:15,736 INFO *******Finished function ['D:\\Bharath\\bharath\\appsource\\mck_auth\\build_table.py'] : build_gallery_table in 0:00:00.000993 seconds
2026-04-02 15:04:15,744 INFO *******Finished function ['D:\\Bharath\\bharath\\appsource\\mck_admin_console\\views.py'] : GalleryList.get in 0:00:00.011211 seconds
2026-04-02 15:04:15,893 INFO *******Starting function ['D:\\Bharath\\bharath\\appsource\\mck_admin_console\\views.py'] : GalleryList.post
2026-04-02 15:04:15,894 INFO *******Starting function ['D:\\Bharath\\bharath\\appsource\\mck_auth\\role_validations.py'] : validate_requested_user_function
2026-04-02 15:04:15,906 INFO *******Finished function ['D:\\Bharath\\bharath\\appsource\\mck_auth\\role_validations.py'] : validate_requested_user_function in 0:00:00.013131 seconds
2026-04-02 15:04:15,907 INFO *******Starting function ['D:\\Bharath\\bharath\\appsource\\mck_auth\\build_table.py'] : build_gallery_table
2026-04-02 15:04:15,907 INFO *******Finished function ['D:\\Bharath\\bharath\\appsource\\mck_auth\\build_table.py'] : build_gallery_table in 0:00:00 seconds
2026-04-02 15:04:15,907 INFO *******Starting function ['D:\\Bharath\\bharath\\appsource\\mck_admin_console\\api.py'] : gallery_load_data
2026-04-02 15:04:15,910 ERROR Error at 148:'mck_admin_console' is not a registered namespace
2026-04-02 15:04:15,910 INFO *******Finished function ['D:\\Bharath\\bharath\\appsource\\mck_admin_console\\api.py'] : gallery_load_data in 0:00:00.002996 seconds
2026-04-02 15:04:15,910 INFO *******Finished function ['D:\\Bharath\\bharath\\appsource\\mck_admin_console\\views.py'] : GalleryList.post in 0:00:00.017129 seconds
2026-04-02 15:08:00,188 INFO *******Starting function ['D:\\Bharath\\bharath\\appsource\\mck_admin_console\\views.py'] : GalleryList.get
2026-04-02 15:08:00,189 INFO *******Starting function ['D:\\Bharath\\bharath\\appsource\\mck_auth\\role_validations.py'] : validate_requested_user_function
2026-04-02 15:08:00,191 INFO *******Finished function ['D:\\Bharath\\bharath\\appsource\\mck_auth\\role_validations.py'] : validate_requested_user_function in 0:00:00.002002 seconds
2026-04-02 15:08:00,191 INFO *******Starting function ['D:\\Bharath\\bharath\\appsource\\mck_auth\\build_table.py'] : build_gallery_table
2026-04-02 15:08:00,192 INFO *******Finished function ['D:\\Bharath\\bharath\\appsource\\mck_auth\\build_table.py'] : build_gallery_table in 0:00:00.001000 seconds
2026-04-02 15:08:00,208 INFO *******Finished function ['D:\\Bharath\\bharath\\appsource\\mck_admin_console\\views.py'] : GalleryList.get in 0:00:00.019742 seconds
2026-04-02 15:08:00,353 INFO *******Starting function ['D:\\Bharath\\bharath\\appsource\\mck_admin_console\\views.py'] : GalleryList.post
2026-04-02 15:08:00,353 INFO *******Starting function ['D:\\Bharath\\bharath\\appsource\\mck_auth\\role_validations.py'] : validate_requested_user_function
2026-04-02 15:08:00,357 INFO *******Finished function ['D:\\Bharath\\bharath\\appsource\\mck_auth\\role_validations.py'] : validate_requested_user_function in 0:00:00.003407 seconds
2026-04-02 15:08:00,357 INFO *******Starting function ['D:\\Bharath\\bharath\\appsource\\mck_auth\\build_table.py'] : build_gallery_table
2026-04-02 15:08:00,357 INFO *******Finished function ['D:\\Bharath\\bharath\\appsource\\mck_auth\\build_table.py'] : build_gallery_table in 0:00:00 seconds
2026-04-02 15:08:00,357 INFO *******Starting function ['D:\\Bharath\\bharath\\appsource\\mck_admin_console\\api.py'] : gallery_load_data
2026-04-02 15:08:00,361 INFO *******Finished function ['D:\\Bharath\\bharath\\appsource\\mck_admin_console\\api.py'] : gallery_load_data in 0:00:00 seconds
2026-04-02 15:08:00,361 INFO *******Finished function ['D:\\Bharath\\bharath\\appsource\\mck_admin_console\\views.py'] : GalleryList.post in 0:00:00.007753 seconds
2026-04-02 15:08:03,204 INFO *******Starting function ['D:\\Bharath\\bharath\\appsource\\mck_admin_console\\views.py'] : GalleryUpdateView.get
2026-04-02 15:08:03,204 INFO *******Starting function ['D:\\Bharath\\bharath\\appsource\\mck_auth\\role_validations.py'] : validate_requested_user_function
2026-04-02 15:08:03,205 INFO *******Finished function ['D:\\Bharath\\bharath\\appsource\\mck_auth\\role_validations.py'] : validate_requested_user_function in 0:00:00.000983 seconds
2026-04-02 15:08:03,206 INFO *******Starting function ['D:\\Bharath\\bharath\\appsource\\mck_admin_console\\api.py'] : gallery_retrieve_data
2026-04-02 15:08:03,206 INFO *******Finished function ['D:\\Bharath\\bharath\\appsource\\mck_admin_console\\api.py'] : gallery_retrieve_data in 0:00:00 seconds
2026-04-02 15:08:03,227 INFO *******Finished function ['D:\\Bharath\\bharath\\appsource\\mck_admin_console\\views.py'] : GalleryUpdateView.get in 0:00:00.023811 seconds
2026-04-02 15:08:09,260 INFO *******Starting function ['D:\\Bharath\\bharath\\appsource\\mck_admin_console\\views.py'] : GalleryUpdateView.post
2026-04-02 15:08:09,260 INFO *******Starting function ['D:\\Bharath\\bharath\\appsource\\mck_auth\\role_validations.py'] : validate_requested_user_function
2026-04-02 15:08:09,264 INFO *******Finished function ['D:\\Bharath\\bharath\\appsource\\mck_auth\\role_validations.py'] : validate_requested_user_function in 0:00:00.004160 seconds
2026-04-02 15:08:09,264 INFO *******Starting function ['D:\\Bharath\\bharath\\appsource\\mck_admin_console\\api.py'] : gallery_retrieve_data
2026-04-02 15:08:09,264 INFO *******Finished function ['D:\\Bharath\\bharath\\appsource\\mck_admin_console\\api.py'] : gallery_retrieve_data in 0:00:00 seconds
2026-04-02 15:08:09,265 INFO *******Starting function ['D:\\Bharath\\bharath\\appsource\\mck_admin_console\\api.py'] : gallery_create_update
2026-04-02 15:08:09,265 INFO *******Starting function ['D:\\Bharath\\bharath\\appsource\\mck_auth\\api.py'] : get_request_accountuser
2026-04-02 15:08:09,266 INFO *******Finished function ['D:\\Bharath\\bharath\\appsource\\mck_auth\\api.py'] : get_request_accountuser in 0:00:00.000980 seconds
2026-04-02 15:08:09,269 INFO *******Finished function ['D:\\Bharath\\bharath\\appsource\\mck_admin_console\\api.py'] : gallery_create_update in 0:00:00.003998 seconds
2026-04-02 15:08:09,269 INFO *******Finished function ['D:\\Bharath\\bharath\\appsource\\mck_admin_console\\views.py'] : GalleryUpdateView.post in 0:00:00.009175 seconds
2026-04-02 15:08:09,277 INFO *******Starting function ['D:\\Bharath\\bharath\\appsource\\mck_admin_console\\views.py'] : GalleryList.get
2026-04-02 15:08:09,277 INFO *******Starting function ['D:\\Bharath\\bharath\\appsource\\mck_auth\\role_validations.py'] : validate_requested_user_function
2026-04-02 15:08:09,279 INFO *******Finished function ['D:\\Bharath\\bharath\\appsource\\mck_auth\\role_validations.py'] : validate_requested_user_function in 0:00:00.002787 seconds
2026-04-02 15:08:09,279 INFO *******Starting function ['D:\\Bharath\\bharath\\appsource\\mck_auth\\build_table.py'] : build_gallery_table
2026-04-02 15:08:09,279 INFO *******Finished function ['D:\\Bharath\\bharath\\appsource\\mck_auth\\build_table.py'] : build_gallery_table in 0:00:00 seconds
2026-04-02 15:08:09,284 INFO *******Finished function ['D:\\Bharath\\bharath\\appsource\\mck_admin_console\\views.py'] : GalleryList.get in 0:00:00.007452 seconds
2026-04-02 15:08:09,416 INFO *******Starting function ['D:\\Bharath\\bharath\\appsource\\mck_admin_console\\views.py'] : GalleryList.post
2026-04-02 15:08:09,416 INFO *******Starting function ['D:\\Bharath\\bharath\\appsource\\mck_auth\\role_validations.py'] : validate_requested_user_function
2026-04-02 15:08:09,422 INFO *******Finished function ['D:\\Bharath\\bharath\\appsource\\mck_auth\\role_validations.py'] : validate_requested_user_function in 0:00:00.006006 seconds
2026-04-02 15:08:09,422 INFO *******Starting function ['D:\\Bharath\\bharath\\appsource\\mck_auth\\build_table.py'] : build_gallery_table
2026-04-02 15:08:09,422 INFO *******Finished function ['D:\\Bharath\\bharath\\appsource\\mck_auth\\build_table.py'] : build_gallery_table in 0:00:00 seconds
2026-04-02 15:08:09,422 INFO *******Starting function ['D:\\Bharath\\bharath\\appsource\\mck_admin_console\\api.py'] : gallery_load_data
2026-04-02 15:08:09,428 INFO *******Finished function ['D:\\Bharath\\bharath\\appsource\\mck_admin_console\\api.py'] : gallery_load_data in 0:00:00.005999 seconds
2026-04-02 15:08:09,429 INFO *******Finished function ['D:\\Bharath\\bharath\\appsource\\mck_admin_console\\views.py'] : GalleryList.post in 0:00:00.013000 seconds
2026-04-02 15:08:11,013 INFO *******Starting function ['D:\\Bharath\\bharath\\appsource\\mck_admin_console\\views.py'] : GalleryUpdateView.get
2026-04-02 15:08:11,013 INFO *******Starting function ['D:\\Bharath\\bharath\\appsource\\mck_auth\\role_validations.py'] : validate_requested_user_function
2026-04-02 15:08:11,015 INFO *******Finished function ['D:\\Bharath\\bharath\\appsource\\mck_auth\\role_validations.py'] : validate_requested_user_function in 0:00:00.002265 seconds
2026-04-02 15:08:11,015 INFO *******Starting function ['D:\\Bharath\\bharath\\appsource\\mck_admin_console\\api.py'] : gallery_retrieve_data
2026-04-02 15:08:11,016 INFO *******Finished function ['D:\\Bharath\\bharath\\appsource\\mck_admin_console\\api.py'] : gallery_retrieve_data in 0:00:00.000999 seconds
2026-04-02 15:08:11,020 INFO *******Finished function ['D:\\Bharath\\bharath\\appsource\\mck_admin_console\\views.py'] : GalleryUpdateView.get in 0:00:00.007271 seconds
2026-04-02 15:08:14,312 INFO *******Starting function ['D:\\Bharath\\bharath\\appsource\\mck_admin_console\\views.py'] : GalleryUpdateView.post
2026-04-02 15:08:14,313 INFO *******Starting function ['D:\\Bharath\\bharath\\appsource\\mck_auth\\role_validations.py'] : validate_requested_user_function
2026-04-02 15:08:14,315 INFO *******Finished function ['D:\\Bharath\\bharath\\appsource\\mck_auth\\role_validations.py'] : validate_requested_user_function in 0:00:00.002622 seconds
2026-04-02 15:08:14,315 INFO *******Starting function ['D:\\Bharath\\bharath\\appsource\\mck_admin_console\\api.py'] : gallery_retrieve_data
2026-04-02 15:08:14,316 INFO *******Finished function ['D:\\Bharath\\bharath\\appsource\\mck_admin_console\\api.py'] : gallery_retrieve_data in 0:00:00.000981 seconds
2026-04-02 15:08:14,316 INFO *******Starting function ['D:\\Bharath\\bharath\\appsource\\mck_admin_console\\api.py'] : gallery_create_update
2026-04-02 15:08:14,316 INFO *******Starting function ['D:\\Bharath\\bharath\\appsource\\mck_auth\\api.py'] : get_request_accountuser
2026-04-02 15:08:14,317 INFO *******Finished function ['D:\\Bharath\\bharath\\appsource\\mck_auth\\api.py'] : get_request_accountuser in 0:00:00.001000 seconds
2026-04-02 15:08:14,320 INFO *******Finished function ['D:\\Bharath\\bharath\\appsource\\mck_admin_console\\api.py'] : gallery_create_update in 0:00:00.003643 seconds
2026-04-02 15:08:14,320 INFO *******Finished function ['D:\\Bharath\\bharath\\appsource\\mck_admin_console\\views.py'] : GalleryUpdateView.post in 0:00:00.007246 seconds
2026-04-02 15:08:14,328 INFO *******Starting function ['D:\\Bharath\\bharath\\appsource\\mck_admin_console\\views.py'] : GalleryList.get
2026-04-02 15:08:14,328 INFO *******Starting function ['D:\\Bharath\\bharath\\appsource\\mck_auth\\role_validations.py'] : validate_requested_user_function
2026-04-02 15:08:14,333 INFO *******Finished function ['D:\\Bharath\\bharath\\appsource\\mck_auth\\role_validations.py'] : validate_requested_user_function in 0:00:00.005044 seconds
2026-04-02 15:08:14,333 INFO *******Starting function ['D:\\Bharath\\bharath\\appsource\\mck_auth\\build_table.py'] : build_gallery_table
2026-04-02 15:08:14,334 INFO *******Finished function ['D:\\Bharath\\bharath\\appsource\\mck_auth\\build_table.py'] : build_gallery_table in 0:00:00.001427 seconds
2026-04-02 15:08:14,335 INFO *******Finished function ['D:\\Bharath\\bharath\\appsource\\mck_admin_console\\views.py'] : GalleryList.get in 0:00:00.006976 seconds
2026-04-02 15:08:14,485 INFO *******Starting function ['D:\\Bharath\\bharath\\appsource\\mck_admin_console\\views.py'] : GalleryList.post
2026-04-02 15:08:14,485 INFO *******Starting function ['D:\\Bharath\\bharath\\appsource\\mck_auth\\role_validations.py'] : validate_requested_user_function
2026-04-02 15:08:14,494 INFO *******Finished function ['D:\\Bharath\\bharath\\appsource\\mck_auth\\role_validations.py'] : validate_requested_user_function in 0:00:00.008598 seconds
2026-04-02 15:08:14,495 INFO *******Starting function ['D:\\Bharath\\bharath\\appsource\\mck_auth\\build_table.py'] : build_gallery_table
2026-04-02 15:08:14,495 INFO *******Finished function ['D:\\Bharath\\bharath\\appsource\\mck_auth\\build_table.py'] : build_gallery_table in 0:00:00 seconds
2026-04-02 15:08:14,495 INFO *******Starting function ['D:\\Bharath\\bharath\\appsource\\mck_admin_console\\api.py'] : gallery_load_data
2026-04-02 15:08:14,496 INFO *******Finished function ['D:\\Bharath\\bharath\\appsource\\mck_admin_console\\api.py'] : gallery_load_data in 0:00:00.001768 seconds
2026-04-02 15:08:14,496 INFO *******Finished function ['D:\\Bharath\\bharath\\appsource\\mck_admin_console\\views.py'] : GalleryList.post in 0:00:00.011357 seconds
2026-04-02 15:08:18,170 INFO *******Starting function ['D:\\Bharath\\bharath\\appsource\\mck_admin_console\\views.py'] : ContactListView.get
2026-04-02 15:08:18,171 INFO *******Starting function ['D:\\Bharath\\bharath\\appsource\\mck_auth\\role_validations.py'] : validate_requested_user_function
2026-04-02 15:08:18,173 INFO *******Finished function ['D:\\Bharath\\bharath\\appsource\\mck_auth\\role_validations.py'] : validate_requested_user_function in 0:00:00.001999 seconds
2026-04-02 15:08:18,173 INFO *******Starting function ['D:\\Bharath\\bharath\\appsource\\mck_auth\\build_table.py'] : build_contact_table
2026-04-02 15:08:18,173 INFO *******Finished function ['D:\\Bharath\\bharath\\appsource\\mck_auth\\build_table.py'] : build_contact_table in 0:00:00 seconds
2026-04-02 15:08:18,176 INFO *******Finished function ['D:\\Bharath\\bharath\\appsource\\mck_admin_console\\views.py'] : ContactListView.get in 0:00:00.005998 seconds
2026-04-02 15:08:18,337 INFO *******Starting function ['D:\\Bharath\\bharath\\appsource\\mck_admin_console\\views.py'] : ContactListView.post
2026-04-02 15:08:18,337 INFO *******Starting function ['D:\\Bharath\\bharath\\appsource\\mck_auth\\role_validations.py'] : validate_requested_user_function
2026-04-02 15:08:18,341 INFO *******Finished function ['D:\\Bharath\\bharath\\appsource\\mck_auth\\role_validations.py'] : validate_requested_user_function in 0:00:00.004002 seconds
2026-04-02 15:08:18,341 INFO *******Starting function ['D:\\Bharath\\bharath\\appsource\\mck_auth\\build_table.py'] : build_contact_table
2026-04-02 15:08:18,342 INFO *******Finished function ['D:\\Bharath\\bharath\\appsource\\mck_auth\\build_table.py'] : build_contact_table in 0:00:00.001000 seconds
2026-04-02 15:08:18,342 INFO *******Starting function ['D:\\Bharath\\bharath\\appsource\\mck_admin_console\\api.py'] : contact_load_data
2026-04-02 15:08:18,345 INFO *******Finished function ['D:\\Bharath\\bharath\\appsource\\mck_admin_console\\api.py'] : contact_load_data in 0:00:00.002997 seconds
2026-04-02 15:08:18,345 INFO *******Finished function ['D:\\Bharath\\bharath\\appsource\\mck_admin_console\\views.py'] : ContactListView.post in 0:00:00.007999 seconds
2026-04-02 15:08:21,309 INFO *******Starting function ['D:\\Bharath\\bharath\\appsource\\mck_admin_console\\views.py'] : GalleryList.get
2026-04-02 15:08:21,309 INFO *******Starting function ['D:\\Bharath\\bharath\\appsource\\mck_auth\\role_validations.py'] : validate_requested_user_function
2026-04-02 15:08:21,315 INFO *******Finished function ['D:\\Bharath\\bharath\\appsource\\mck_auth\\role_validations.py'] : validate_requested_user_function in 0:00:00.006220 seconds
2026-04-02 15:08:21,315 INFO *******Starting function ['D:\\Bharath\\bharath\\appsource\\mck_auth\\build_table.py'] : build_gallery_table
2026-04-02 15:08:21,315 INFO *******Finished function ['D:\\Bharath\\bharath\\appsource\\mck_auth\\build_table.py'] : build_gallery_table in 0:00:00 seconds
2026-04-02 15:08:21,318 INFO *******Finished function ['D:\\Bharath\\bharath\\appsource\\mck_admin_console\\views.py'] : GalleryList.get in 0:00:00.009733 seconds
2026-04-02 15:08:21,429 INFO *******Starting function ['D:\\Bharath\\bharath\\appsource\\mck_admin_console\\views.py'] : GalleryList.post
2026-04-02 15:08:21,430 INFO *******Starting function ['D:\\Bharath\\bharath\\appsource\\mck_auth\\role_validations.py'] : validate_requested_user_function
2026-04-02 15:08:21,434 INFO *******Finished function ['D:\\Bharath\\bharath\\appsource\\mck_auth\\role_validations.py'] : validate_requested_user_function in 0:00:00.003979 seconds
2026-04-02 15:08:21,434 INFO *******Starting function ['D:\\Bharath\\bharath\\appsource\\mck_auth\\build_table.py'] : build_gallery_table
2026-04-02 15:08:21,435 INFO *******Finished function ['D:\\Bharath\\bharath\\appsource\\mck_auth\\build_table.py'] : build_gallery_table in 0:00:00.000999 seconds
2026-04-02 15:08:21,435 INFO *******Starting function ['D:\\Bharath\\bharath\\appsource\\mck_admin_console\\api.py'] : gallery_load_data
2026-04-02 15:08:21,442 INFO *******Finished function ['D:\\Bharath\\bharath\\appsource\\mck_admin_console\\api.py'] : gallery_load_data in 0:00:00.007017 seconds
2026-04-02 15:08:21,442 INFO *******Finished function ['D:\\Bharath\\bharath\\appsource\\mck_admin_console\\views.py'] : GalleryList.post in 0:00:00.013000 seconds
2026-04-02 15:08:22,588 INFO *******Starting function ['D:\\Bharath\\bharath\\appsource\\mck_master\\views.py'] : ProfileList.get
2026-04-02 15:08:22,588 INFO *******Starting function ['D:\\Bharath\\bharath\\appsource\\mck_auth\\role_validations.py'] : validate_requested_user_function
2026-04-02 15:08:22,589 INFO *******Finished function ['D:\\Bharath\\bharath\\appsource\\mck_auth\\role_validations.py'] : validate_requested_user_function in 0:00:00.001425 seconds
2026-04-02 15:08:22,589 INFO *******Starting function ['D:\\Bharath\\bharath\\appsource\\mck_auth\\build_table.py'] : build_profile_table
2026-04-02 15:08:22,589 INFO *******Finished function ['D:\\Bharath\\bharath\\appsource\\mck_auth\\build_table.py'] : build_profile_table in 0:00:00 seconds
2026-04-02 15:08:22,593 INFO *******Finished function ['D:\\Bharath\\bharath\\appsource\\mck_master\\views.py'] : ProfileList.get in 0:00:00.005466 seconds
2026-04-02 15:08:22,715 INFO *******Starting function ['D:\\Bharath\\bharath\\appsource\\mck_master\\views.py'] : ProfileList.post
2026-04-02 15:08:22,716 INFO *******Starting function ['D:\\Bharath\\bharath\\appsource\\mck_auth\\role_validations.py'] : validate_requested_user_function
2026-04-02 15:08:22,725 INFO *******Finished function ['D:\\Bharath\\bharath\\appsource\\mck_auth\\role_validations.py'] : validate_requested_user_function in 0:00:00.007099 seconds
2026-04-02 15:08:22,725 INFO *******Starting function ['D:\\Bharath\\bharath\\appsource\\mck_auth\\build_table.py'] : build_profile_table
2026-04-02 15:08:22,725 INFO *******Finished function ['D:\\Bharath\\bharath\\appsource\\mck_auth\\build_table.py'] : build_profile_table in 0:00:00 seconds
2026-04-02 15:08:22,725 INFO *******Starting function ['D:\\Bharath\\bharath\\appsource\\mck_master\\api.py'] : profile_load_data
2026-04-02 15:08:22,731 INFO *******Finished function ['D:\\Bharath\\bharath\\appsource\\mck_master\\api.py'] : profile_load_data in 0:00:00.006427 seconds
2026-04-02 15:08:22,731 INFO *******Finished function ['D:\\Bharath\\bharath\\appsource\\mck_master\\views.py'] : ProfileList.post in 0:00:00.015521 seconds
2026-04-02 15:08:24,853 INFO *******Starting function ['D:\\Bharath\\bharath\\appsource\\mck_admin_console\\views.py'] : DashboardView.get
2026-04-02 15:08:24,853 INFO *******Starting function ['D:\\Bharath\\bharath\\appsource\\mck_auth\\role_validations.py'] : validate_requested_user_function
2026-04-02 15:08:24,855 INFO *******Finished function ['D:\\Bharath\\bharath\\appsource\\mck_auth\\role_validations.py'] : validate_requested_user_function in 0:00:00.002004 seconds
2026-04-02 15:08:24,872 INFO *******Finished function ['D:\\Bharath\\bharath\\appsource\\mck_admin_console\\views.py'] : DashboardView.get in 0:00:00.019614 seconds
2026-04-02 15:08:27,520 INFO *******Starting function ['D:\\Bharath\\bharath\\appsource\\mck_admin_console\\views.py'] : DashboardView.get
2026-04-02 15:08:27,520 INFO *******Starting function ['D:\\Bharath\\bharath\\appsource\\mck_auth\\role_validations.py'] : validate_requested_user_function
2026-04-02 15:08:27,520 INFO *******Finished function ['D:\\Bharath\\bharath\\appsource\\mck_auth\\role_validations.py'] : validate_requested_user_function in 0:00:00 seconds
2026-04-02 15:08:27,534 INFO *******Finished function ['D:\\Bharath\\bharath\\appsource\\mck_admin_console\\views.py'] : DashboardView.get in 0:00:00.014437 seconds
2026-04-02 15:08:29,693 INFO *******Starting function ['D:\\Bharath\\bharath\\appsource\\mck_master\\views.py'] : ProfileList.get
2026-04-02 15:08:29,693 INFO *******Starting function ['D:\\Bharath\\bharath\\appsource\\mck_auth\\role_validations.py'] : validate_requested_user_function
2026-04-02 15:08:29,698 INFO *******Finished function ['D:\\Bharath\\bharath\\appsource\\mck_auth\\role_validations.py'] : validate_requested_user_function in 0:00:00.005063 seconds
2026-04-02 15:08:29,698 INFO *******Starting function ['D:\\Bharath\\bharath\\appsource\\mck_auth\\build_table.py'] : build_profile_table
2026-04-02 15:08:29,698 INFO *******Finished function ['D:\\Bharath\\bharath\\appsource\\mck_auth\\build_table.py'] : build_profile_table in 0:00:00 seconds
2026-04-02 15:08:29,703 INFO *******Finished function ['D:\\Bharath\\bharath\\appsource\\mck_master\\views.py'] : ProfileList.get in 0:00:00.009413 seconds
2026-04-02 15:08:29,820 INFO *******Starting function ['D:\\Bharath\\bharath\\appsource\\mck_master\\views.py'] : ProfileList.post
2026-04-02 15:08:29,820 INFO *******Starting function ['D:\\Bharath\\bharath\\appsource\\mck_auth\\role_validations.py'] : validate_requested_user_function
2026-04-02 15:08:29,830 INFO *******Finished function ['D:\\Bharath\\bharath\\appsource\\mck_auth\\role_validations.py'] : validate_requested_user_function in 0:00:00.010415 seconds
2026-04-02 15:08:29,830 INFO *******Starting function ['D:\\Bharath\\bharath\\appsource\\mck_auth\\build_table.py'] : build_profile_table
2026-04-02 15:08:29,830 INFO *******Finished function ['D:\\Bharath\\bharath\\appsource\\mck_auth\\build_table.py'] : build_profile_table in 0:00:00 seconds
2026-04-02 15:08:29,830 INFO *******Starting function ['D:\\Bharath\\bharath\\appsource\\mck_master\\api.py'] : profile_load_data
2026-04-02 15:08:29,845 INFO *******Finished function ['D:\\Bharath\\bharath\\appsource\\mck_master\\api.py'] : profile_load_data in 0:00:00.014913 seconds
2026-04-02 15:08:29,845 INFO *******Finished function ['D:\\Bharath\\bharath\\appsource\\mck_master\\views.py'] : ProfileList.post in 0:00:00.026325 seconds
2026-04-02 15:08:31,076 INFO *******Starting function ['D:\\Bharath\\bharath\\appsource\\mck_admin_console\\views.py'] : GalleryList.get
2026-04-02 15:08:31,076 INFO *******Starting function ['D:\\Bharath\\bharath\\appsource\\mck_auth\\role_validations.py'] : validate_requested_user_function
2026-04-02 15:08:31,078 INFO *******Finished function ['D:\\Bharath\\bharath\\appsource\\mck_auth\\role_validations.py'] : validate_requested_user_function in 0:00:00.002010 seconds
2026-04-02 15:08:31,078 INFO *******Starting function ['D:\\Bharath\\bharath\\appsource\\mck_auth\\build_table.py'] : build_gallery_table
2026-04-02 15:08:31,079 INFO *******Finished function ['D:\\Bharath\\bharath\\appsource\\mck_auth\\build_table.py'] : build_gallery_table in 0:00:00.001000 seconds
2026-04-02 15:08:31,083 INFO *******Finished function ['D:\\Bharath\\bharath\\appsource\\mck_admin_console\\views.py'] : GalleryList.get in 0:00:00.007527 seconds
2026-04-02 15:08:31,193 INFO *******Starting function ['D:\\Bharath\\bharath\\appsource\\mck_admin_console\\views.py'] : GalleryList.post
2026-04-02 15:08:31,193 INFO *******Starting function ['D:\\Bharath\\bharath\\appsource\\mck_auth\\role_validations.py'] : validate_requested_user_function
2026-04-02 15:08:31,200 INFO *******Finished function ['D:\\Bharath\\bharath\\appsource\\mck_auth\\role_validations.py'] : validate_requested_user_function in 0:00:00.006893 seconds
2026-04-02 15:08:31,201 INFO *******Starting function ['D:\\Bharath\\bharath\\appsource\\mck_auth\\build_table.py'] : build_gallery_table
2026-04-02 15:08:31,202 INFO *******Finished function ['D:\\Bharath\\bharath\\appsource\\mck_auth\\build_table.py'] : build_gallery_table in 0:00:00.001000 seconds
2026-04-02 15:08:31,202 INFO *******Starting function ['D:\\Bharath\\bharath\\appsource\\mck_admin_console\\api.py'] : gallery_load_data
2026-04-02 15:08:31,209 INFO *******Finished function ['D:\\Bharath\\bharath\\appsource\\mck_admin_console\\api.py'] : gallery_load_data in 0:00:00.007000 seconds
2026-04-02 15:08:31,210 INFO *******Finished function ['D:\\Bharath\\bharath\\appsource\\mck_admin_console\\views.py'] : GalleryList.post in 0:00:00.016888 seconds
2026-04-02 15:08:32,813 INFO *******Starting function ['D:\\Bharath\\bharath\\appsource\\mck_admin_console\\views.py'] : ContactListView.get
2026-04-02 15:08:32,814 INFO *******Starting function ['D:\\Bharath\\bharath\\appsource\\mck_auth\\role_validations.py'] : validate_requested_user_function
2026-04-02 15:08:32,815 INFO *******Finished function ['D:\\Bharath\\bharath\\appsource\\mck_auth\\role_validations.py'] : validate_requested_user_function in 0:00:00.001001 seconds
2026-04-02 15:08:32,815 INFO *******Starting function ['D:\\Bharath\\bharath\\appsource\\mck_auth\\build_table.py'] : build_contact_table
2026-04-02 15:08:32,815 INFO *******Finished function ['D:\\Bharath\\bharath\\appsource\\mck_auth\\build_table.py'] : build_contact_table in 0:00:00 seconds
2026-04-02 15:08:32,819 INFO *******Finished function ['D:\\Bharath\\bharath\\appsource\\mck_admin_console\\views.py'] : ContactListView.get in 0:00:00.006111 seconds
2026-04-02 15:08:32,930 INFO *******Starting function ['D:\\Bharath\\bharath\\appsource\\mck_admin_console\\views.py'] : ContactListView.post
2026-04-02 15:08:32,931 INFO *******Starting function ['D:\\Bharath\\bharath\\appsource\\mck_auth\\role_validations.py'] : validate_requested_user_function
2026-04-02 15:08:32,936 INFO *******Finished function ['D:\\Bharath\\bharath\\appsource\\mck_auth\\role_validations.py'] : validate_requested_user_function in 0:00:00.005274 seconds
2026-04-02 15:08:32,936 INFO *******Starting function ['D:\\Bharath\\bharath\\appsource\\mck_auth\\build_table.py'] : build_contact_table
2026-04-02 15:08:32,936 INFO *******Finished function ['D:\\Bharath\\bharath\\appsource\\mck_auth\\build_table.py'] : build_contact_table in 0:00:00 seconds
2026-04-02 15:08:32,937 INFO *******Starting function ['D:\\Bharath\\bharath\\appsource\\mck_admin_console\\api.py'] : contact_load_data
2026-04-02 15:08:32,947 INFO *******Finished function ['D:\\Bharath\\bharath\\appsource\\mck_admin_console\\api.py'] : contact_load_data in 0:00:00.009998 seconds
2026-04-02 15:08:32,948 INFO *******Finished function ['D:\\Bharath\\bharath\\appsource\\mck_admin_console\\views.py'] : ContactListView.post in 0:00:00.018274 seconds
2026-04-02 15:08:35,140 INFO *******Starting function ['D:\\Bharath\\bharath\\appsource\\mck_admin_console\\views.py'] : GalleryList.get
2026-04-02 15:08:35,140 INFO *******Starting function ['D:\\Bharath\\bharath\\appsource\\mck_auth\\role_validations.py'] : validate_requested_user_function
2026-04-02 15:08:35,143 INFO *******Finished function ['D:\\Bharath\\bharath\\appsource\\mck_auth\\role_validations.py'] : validate_requested_user_function in 0:00:00.002483 seconds
2026-04-02 15:08:35,143 INFO *******Starting function ['D:\\Bharath\\bharath\\appsource\\mck_auth\\build_table.py'] : build_gallery_table
2026-04-02 15:08:35,143 INFO *******Finished function ['D:\\Bharath\\bharath\\appsource\\mck_auth\\build_table.py'] : build_gallery_table in 0:00:00 seconds
2026-04-02 15:08:35,150 INFO *******Finished function ['D:\\Bharath\\bharath\\appsource\\mck_admin_console\\views.py'] : GalleryList.get in 0:00:00.008604 seconds
2026-04-02 15:08:35,264 INFO *******Starting function ['D:\\Bharath\\bharath\\appsource\\mck_admin_console\\views.py'] : GalleryList.post
2026-04-02 15:08:35,264 INFO *******Starting function ['D:\\Bharath\\bharath\\appsource\\mck_auth\\role_validations.py'] : validate_requested_user_function
2026-04-02 15:08:35,272 INFO *******Finished function ['D:\\Bharath\\bharath\\appsource\\mck_auth\\role_validations.py'] : validate_requested_user_function in 0:00:00.008028 seconds
2026-04-02 15:08:35,273 INFO *******Starting function ['D:\\Bharath\\bharath\\appsource\\mck_auth\\build_table.py'] : build_gallery_table
2026-04-02 15:08:35,273 INFO *******Finished function ['D:\\Bharath\\bharath\\appsource\\mck_auth\\build_table.py'] : build_gallery_table in 0:00:00.000990 seconds
2026-04-02 15:08:35,274 INFO *******Starting function ['D:\\Bharath\\bharath\\appsource\\mck_admin_console\\api.py'] : gallery_load_data
2026-04-02 15:08:35,277 INFO *******Finished function ['D:\\Bharath\\bharath\\appsource\\mck_admin_console\\api.py'] : gallery_load_data in 0:00:00.003002 seconds
2026-04-02 15:08:35,277 INFO *******Finished function ['D:\\Bharath\\bharath\\appsource\\mck_admin_console\\views.py'] : GalleryList.post in 0:00:00.013017 seconds
2026-04-02 15:08:36,164 INFO *******Starting function ['D:\\Bharath\\bharath\\appsource\\mck_master\\views.py'] : ProfileList.get
2026-04-02 15:08:36,164 INFO *******Starting function ['D:\\Bharath\\bharath\\appsource\\mck_auth\\role_validations.py'] : validate_requested_user_function
2026-04-02 15:08:36,166 INFO *******Finished function ['D:\\Bharath\\bharath\\appsource\\mck_auth\\role_validations.py'] : validate_requested_user_function in 0:00:00.002001 seconds
2026-04-02 15:08:36,166 INFO *******Starting function ['D:\\Bharath\\bharath\\appsource\\mck_auth\\build_table.py'] : build_profile_table
2026-04-02 15:08:36,167 INFO *******Finished function ['D:\\Bharath\\bharath\\appsource\\mck_auth\\build_table.py'] : build_profile_table in 0:00:00.001001 seconds
2026-04-02 15:08:36,170 INFO *******Finished function ['D:\\Bharath\\bharath\\appsource\\mck_master\\views.py'] : ProfileList.get in 0:00:00.006000 seconds
2026-04-02 15:08:36,289 INFO *******Starting function ['D:\\Bharath\\bharath\\appsource\\mck_master\\views.py'] : ProfileList.post
2026-04-02 15:08:36,289 INFO *******Starting function ['D:\\Bharath\\bharath\\appsource\\mck_auth\\role_validations.py'] : validate_requested_user_function
2026-04-02 15:08:36,299 INFO *******Finished function ['D:\\Bharath\\bharath\\appsource\\mck_auth\\role_validations.py'] : validate_requested_user_function in 0:00:00.009783 seconds
2026-04-02 15:08:36,299 INFO *******Starting function ['D:\\Bharath\\bharath\\appsource\\mck_auth\\build_table.py'] : build_profile_table
2026-04-02 15:08:36,299 INFO *******Finished function ['D:\\Bharath\\bharath\\appsource\\mck_auth\\build_table.py'] : build_profile_table in 0:00:00 seconds
2026-04-02 15:08:36,299 INFO *******Starting function ['D:\\Bharath\\bharath\\appsource\\mck_master\\api.py'] : profile_load_data
2026-04-02 15:08:36,299 INFO *******Finished function ['D:\\Bharath\\bharath\\appsource\\mck_master\\api.py'] : profile_load_data in 0:00:00 seconds
2026-04-02 15:08:36,299 INFO *******Finished function ['D:\\Bharath\\bharath\\appsource\\mck_master\\views.py'] : ProfileList.post in 0:00:00.009783 seconds
2026-04-02 15:08:37,445 INFO *******Starting function ['D:\\Bharath\\bharath\\appsource\\mck_admin_console\\views.py'] : DashboardView.get
2026-04-02 15:08:37,445 INFO *******Starting function ['D:\\Bharath\\bharath\\appsource\\mck_auth\\role_validations.py'] : validate_requested_user_function
2026-04-02 15:08:37,448 INFO *******Finished function ['D:\\Bharath\\bharath\\appsource\\mck_auth\\role_validations.py'] : validate_requested_user_function in 0:00:00.003584 seconds
2026-04-02 15:08:37,457 INFO *******Finished function ['D:\\Bharath\\bharath\\appsource\\mck_admin_console\\views.py'] : DashboardView.get in 0:00:00.013024 seconds
2026-04-02 15:10:01,461 INFO *******Starting function ['D:\\Bharath\\bharath\\appsource\\mck_admin_console\\views.py'] : DashboardView.get
2026-04-02 15:10:01,461 INFO *******Starting function ['D:\\Bharath\\bharath\\appsource\\mck_auth\\role_validations.py'] : validate_requested_user_function
2026-04-02 15:10:01,467 INFO *******Finished function ['D:\\Bharath\\bharath\\appsource\\mck_auth\\role_validations.py'] : validate_requested_user_function in 0:00:00.006002 seconds
2026-04-02 15:10:01,496 INFO *******Finished function ['D:\\Bharath\\bharath\\appsource\\mck_admin_console\\views.py'] : DashboardView.get in 0:00:00.034601 seconds
2026-04-02 15:10:03,188 INFO *******Starting function ['D:\\Bharath\\bharath\\appsource\\mck_admin_console\\views.py'] : DashboardView.get
2026-04-02 15:10:03,188 INFO *******Starting function ['D:\\Bharath\\bharath\\appsource\\mck_auth\\role_validations.py'] : validate_requested_user_function
2026-04-02 15:10:03,189 INFO *******Finished function ['D:\\Bharath\\bharath\\appsource\\mck_auth\\role_validations.py'] : validate_requested_user_function in 0:00:00.000998 seconds
2026-04-02 15:10:03,200 INFO *******Finished function ['D:\\Bharath\\bharath\\appsource\\mck_admin_console\\views.py'] : DashboardView.get in 0:00:00.011698 seconds
2026-04-02 15:10:04,509 INFO *******Starting function ['D:\\Bharath\\bharath\\appsource\\mck_master\\views.py'] : ProfileList.get
2026-04-02 15:10:04,509 INFO *******Starting function ['D:\\Bharath\\bharath\\appsource\\mck_auth\\role_validations.py'] : validate_requested_user_function
2026-04-02 15:10:04,511 INFO *******Finished function ['D:\\Bharath\\bharath\\appsource\\mck_auth\\role_validations.py'] : validate_requested_user_function in 0:00:00.002006 seconds
2026-04-02 15:10:04,511 INFO *******Starting function ['D:\\Bharath\\bharath\\appsource\\mck_auth\\build_table.py'] : build_profile_table
2026-04-02 15:10:04,512 INFO *******Finished function ['D:\\Bharath\\bharath\\appsource\\mck_auth\\build_table.py'] : build_profile_table in 0:00:00.001000 seconds
2026-04-02 15:10:04,521 INFO *******Finished function ['D:\\Bharath\\bharath\\appsource\\mck_master\\views.py'] : ProfileList.get in 0:00:00.012103 seconds
2026-04-02 15:10:04,657 INFO *******Starting function ['D:\\Bharath\\bharath\\appsource\\mck_master\\views.py'] : ProfileList.post
2026-04-02 15:10:04,657 INFO *******Starting function ['D:\\Bharath\\bharath\\appsource\\mck_auth\\role_validations.py'] : validate_requested_user_function
2026-04-02 15:10:04,674 INFO *******Finished function ['D:\\Bharath\\bharath\\appsource\\mck_auth\\role_validations.py'] : validate_requested_user_function in 0:00:00.016633 seconds
2026-04-02 15:10:04,674 INFO *******Starting function ['D:\\Bharath\\bharath\\appsource\\mck_auth\\build_table.py'] : build_profile_table
2026-04-02 15:10:04,674 INFO *******Finished function ['D:\\Bharath\\bharath\\appsource\\mck_auth\\build_table.py'] : build_profile_table in 0:00:00 seconds
2026-04-02 15:10:04,674 INFO *******Starting function ['D:\\Bharath\\bharath\\appsource\\mck_master\\api.py'] : profile_load_data
2026-04-02 15:10:04,680 INFO *******Finished function ['D:\\Bharath\\bharath\\appsource\\mck_master\\api.py'] : profile_load_data in 0:00:00.006526 seconds
2026-04-02 15:10:04,680 INFO *******Finished function ['D:\\Bharath\\bharath\\appsource\\mck_master\\views.py'] : ProfileList.post in 0:00:00.023159 seconds
2026-04-02 15:10:06,221 INFO *******Starting function ['D:\\Bharath\\bharath\\appsource\\mck_admin_console\\views.py'] : GalleryList.get
2026-04-02 15:10:06,221 INFO *******Starting function ['D:\\Bharath\\bharath\\appsource\\mck_auth\\role_validations.py'] : validate_requested_user_function
2026-04-02 15:10:06,222 INFO *******Finished function ['D:\\Bharath\\bharath\\appsource\\mck_auth\\role_validations.py'] : validate_requested_user_function in 0:00:00.001430 seconds
2026-04-02 15:10:06,222 INFO *******Starting function ['D:\\Bharath\\bharath\\appsource\\mck_auth\\build_table.py'] : build_gallery_table
2026-04-02 15:10:06,222 INFO *******Finished function ['D:\\Bharath\\bharath\\appsource\\mck_auth\\build_table.py'] : build_gallery_table in 0:00:00 seconds
2026-04-02 15:10:06,226 INFO *******Finished function ['D:\\Bharath\\bharath\\appsource\\mck_admin_console\\views.py'] : GalleryList.get in 0:00:00.005434 seconds
2026-04-02 15:10:06,345 INFO *******Starting function ['D:\\Bharath\\bharath\\appsource\\mck_admin_console\\views.py'] : GalleryList.post
2026-04-02 15:10:06,345 INFO *******Starting function ['D:\\Bharath\\bharath\\appsource\\mck_auth\\role_validations.py'] : validate_requested_user_function
2026-04-02 15:10:06,354 INFO *******Finished function ['D:\\Bharath\\bharath\\appsource\\mck_auth\\role_validations.py'] : validate_requested_user_function in 0:00:00.008268 seconds
2026-04-02 15:10:06,355 INFO *******Starting function ['D:\\Bharath\\bharath\\appsource\\mck_auth\\build_table.py'] : build_gallery_table
2026-04-02 15:10:06,355 INFO *******Finished function ['D:\\Bharath\\bharath\\appsource\\mck_auth\\build_table.py'] : build_gallery_table in 0:00:00 seconds
2026-04-02 15:10:06,357 INFO *******Starting function ['D:\\Bharath\\bharath\\appsource\\mck_admin_console\\api.py'] : gallery_load_data
2026-04-02 15:10:06,360 INFO *******Finished function ['D:\\Bharath\\bharath\\appsource\\mck_admin_console\\api.py'] : gallery_load_data in 0:00:00.003006 seconds
2026-04-02 15:10:06,360 INFO *******Finished function ['D:\\Bharath\\bharath\\appsource\\mck_admin_console\\views.py'] : GalleryList.post in 0:00:00.014251 seconds
2026-04-02 15:10:07,333 INFO *******Starting function ['D:\\Bharath\\bharath\\appsource\\mck_admin_console\\views.py'] : ContactListView.get
2026-04-02 15:10:07,333 INFO *******Starting function ['D:\\Bharath\\bharath\\appsource\\mck_auth\\role_validations.py'] : validate_requested_user_function
2026-04-02 15:10:07,335 INFO *******Finished function ['D:\\Bharath\\bharath\\appsource\\mck_auth\\role_validations.py'] : validate_requested_user_function in 0:00:00.001999 seconds
2026-04-02 15:10:07,335 INFO *******Starting function ['D:\\Bharath\\bharath\\appsource\\mck_auth\\build_table.py'] : build_contact_table
2026-04-02 15:10:07,335 INFO *******Finished function ['D:\\Bharath\\bharath\\appsource\\mck_auth\\build_table.py'] : build_contact_table in 0:00:00 seconds
2026-04-02 15:10:07,339 INFO *******Finished function ['D:\\Bharath\\bharath\\appsource\\mck_admin_console\\views.py'] : ContactListView.get in 0:00:00.005999 seconds
2026-04-02 15:10:07,455 INFO *******Starting function ['D:\\Bharath\\bharath\\appsource\\mck_admin_console\\views.py'] : ContactListView.post
2026-04-02 15:10:07,455 INFO *******Starting function ['D:\\Bharath\\bharath\\appsource\\mck_auth\\role_validations.py'] : validate_requested_user_function
2026-04-02 15:10:07,462 INFO *******Finished function ['D:\\Bharath\\bharath\\appsource\\mck_auth\\role_validations.py'] : validate_requested_user_function in 0:00:00.007014 seconds
2026-04-02 15:10:07,462 INFO *******Starting function ['D:\\Bharath\\bharath\\appsource\\mck_auth\\build_table.py'] : build_contact_table
2026-04-02 15:10:07,464 INFO *******Finished function ['D:\\Bharath\\bharath\\appsource\\mck_auth\\build_table.py'] : build_contact_table in 0:00:00.002257 seconds
2026-04-02 15:10:07,464 INFO *******Starting function ['D:\\Bharath\\bharath\\appsource\\mck_admin_console\\api.py'] : contact_load_data
2026-04-02 15:10:07,471 INFO *******Finished function ['D:\\Bharath\\bharath\\appsource\\mck_admin_console\\api.py'] : contact_load_data in 0:00:00.007004 seconds
2026-04-02 15:10:07,471 INFO *******Finished function ['D:\\Bharath\\bharath\\appsource\\mck_admin_console\\views.py'] : ContactListView.post in 0:00:00.016275 seconds
2026-04-02 15:10:08,740 INFO *******Starting function ['D:\\Bharath\\bharath\\appsource\\mck_admin_console\\views.py'] : DashboardView.get
2026-04-02 15:10:08,741 INFO *******Starting function ['D:\\Bharath\\bharath\\appsource\\mck_auth\\role_validations.py'] : validate_requested_user_function
2026-04-02 15:10:08,743 INFO *******Finished function ['D:\\Bharath\\bharath\\appsource\\mck_auth\\role_validations.py'] : validate_requested_user_function in 0:00:00.001999 seconds
2026-04-02 15:10:08,753 INFO *******Finished function ['D:\\Bharath\\bharath\\appsource\\mck_admin_console\\views.py'] : DashboardView.get in 0:00:00.013187 seconds
2026-04-02 15:13:45,504 INFO *******Starting function ['D:\\Bharath\\bharath\\appsource\\mck_admin_console\\views.py'] : DashboardView.get
2026-04-02 15:13:45,504 INFO *******Starting function ['D:\\Bharath\\bharath\\appsource\\mck_auth\\role_validations.py'] : validate_requested_user_function
2026-04-02 15:13:45,506 INFO *******Finished function ['D:\\Bharath\\bharath\\appsource\\mck_auth\\role_validations.py'] : validate_requested_user_function in 0:00:00.001999 seconds
2026-04-02 15:13:45,530 INFO *******Finished function ['D:\\Bharath\\bharath\\appsource\\mck_admin_console\\views.py'] : DashboardView.get in 0:00:00.026115 seconds
2026-04-02 15:13:46,974 INFO *******Starting function ['D:\\Bharath\\bharath\\appsource\\mck_master\\views.py'] : ProfileList.get
2026-04-02 15:13:46,974 INFO *******Starting function ['D:\\Bharath\\bharath\\appsource\\mck_auth\\role_validations.py'] : validate_requested_user_function
2026-04-02 15:13:46,976 INFO *******Finished function ['D:\\Bharath\\bharath\\appsource\\mck_auth\\role_validations.py'] : validate_requested_user_function in 0:00:00.001989 seconds
2026-04-02 15:13:46,976 INFO *******Starting function ['D:\\Bharath\\bharath\\appsource\\mck_auth\\build_table.py'] : build_profile_table
2026-04-02 15:13:46,976 INFO *******Finished function ['D:\\Bharath\\bharath\\appsource\\mck_auth\\build_table.py'] : build_profile_table in 0:00:00 seconds
2026-04-02 15:13:46,988 INFO *******Finished function ['D:\\Bharath\\bharath\\appsource\\mck_master\\views.py'] : ProfileList.get in 0:00:00.014049 seconds
2026-04-02 15:13:47,135 INFO *******Starting function ['D:\\Bharath\\bharath\\appsource\\mck_master\\views.py'] : ProfileList.post
2026-04-02 15:13:47,135 INFO *******Starting function ['D:\\Bharath\\bharath\\appsource\\mck_auth\\role_validations.py'] : validate_requested_user_function
2026-04-02 15:13:47,138 INFO *******Finished function ['D:\\Bharath\\bharath\\appsource\\mck_auth\\role_validations.py'] : validate_requested_user_function in 0:00:00.002523 seconds
2026-04-02 15:13:47,138 INFO *******Starting function ['D:\\Bharath\\bharath\\appsource\\mck_auth\\build_table.py'] : build_profile_table
2026-04-02 15:13:47,138 INFO *******Finished function ['D:\\Bharath\\bharath\\appsource\\mck_auth\\build_table.py'] : build_profile_table in 0:00:00 seconds
2026-04-02 15:13:47,138 INFO *******Starting function ['D:\\Bharath\\bharath\\appsource\\mck_master\\api.py'] : profile_load_data
2026-04-02 15:13:47,155 INFO *******Finished function ['D:\\Bharath\\bharath\\appsource\\mck_master\\api.py'] : profile_load_data in 0:00:00.016930 seconds
2026-04-02 15:13:47,155 INFO *******Finished function ['D:\\Bharath\\bharath\\appsource\\mck_master\\views.py'] : ProfileList.post in 0:00:00.019453 seconds
2026-04-02 15:13:49,053 INFO *******Starting function ['D:\\Bharath\\bharath\\appsource\\mck_master\\views.py'] : ProfileUpdateView.get
2026-04-02 15:13:49,053 INFO *******Starting function ['D:\\Bharath\\bharath\\appsource\\mck_auth\\role_validations.py'] : validate_requested_user_function
2026-04-02 15:13:49,055 INFO *******Finished function ['D:\\Bharath\\bharath\\appsource\\mck_auth\\role_validations.py'] : validate_requested_user_function in 0:00:00.002410 seconds
2026-04-02 15:13:49,055 INFO *******Starting function ['D:\\Bharath\\bharath\\appsource\\mck_master\\api.py'] : profile_retrieve_data
2026-04-02 15:13:49,056 INFO *******Finished function ['D:\\Bharath\\bharath\\appsource\\mck_master\\api.py'] : profile_retrieve_data in 0:00:00.001008 seconds
2026-04-02 15:13:49,129 INFO *******Finished function ['D:\\Bharath\\bharath\\appsource\\mck_master\\views.py'] : ProfileUpdateView.get in 0:00:00.075767 seconds
2026-04-02 15:13:55,101 INFO *******Starting function ['D:\\Bharath\\bharath\\appsource\\mck_master\\views.py'] : ProfileUpdateView.post
2026-04-02 15:13:55,101 INFO *******Starting function ['D:\\Bharath\\bharath\\appsource\\mck_auth\\role_validations.py'] : validate_requested_user_function
2026-04-02 15:13:55,101 INFO *******Finished function ['D:\\Bharath\\bharath\\appsource\\mck_auth\\role_validations.py'] : validate_requested_user_function in 0:00:00 seconds
2026-04-02 15:13:55,101 INFO *******Starting function ['D:\\Bharath\\bharath\\appsource\\mck_master\\api.py'] : profile_retrieve_data
2026-04-02 15:13:55,101 INFO *******Finished function ['D:\\Bharath\\bharath\\appsource\\mck_master\\api.py'] : profile_retrieve_data in 0:00:00 seconds
2026-04-02 15:13:55,116 INFO *******Starting function ['D:\\Bharath\\bharath\\appsource\\mck_master\\api.py'] : profile_create_update
2026-04-02 15:13:55,120 INFO *******Finished function ['D:\\Bharath\\bharath\\appsource\\mck_master\\api.py'] : profile_create_update in 0:00:00.004004 seconds
2026-04-02 15:13:55,120 INFO *******Finished function ['D:\\Bharath\\bharath\\appsource\\mck_master\\views.py'] : ProfileUpdateView.post in 0:00:00.018948 seconds
2026-04-02 15:13:55,127 INFO *******Starting function ['D:\\Bharath\\bharath\\appsource\\mck_master\\views.py'] : ProfileList.get
2026-04-02 15:13:55,127 INFO *******Starting function ['D:\\Bharath\\bharath\\appsource\\mck_auth\\role_validations.py'] : validate_requested_user_function
2026-04-02 15:13:55,130 INFO *******Finished function ['D:\\Bharath\\bharath\\appsource\\mck_auth\\role_validations.py'] : validate_requested_user_function in 0:00:00.002943 seconds
2026-04-02 15:13:55,130 INFO *******Starting function ['D:\\Bharath\\bharath\\appsource\\mck_auth\\build_table.py'] : build_profile_table
2026-04-02 15:13:55,130 INFO *******Finished function ['D:\\Bharath\\bharath\\appsource\\mck_auth\\build_table.py'] : build_profile_table in 0:00:00 seconds
2026-04-02 15:13:55,136 INFO *******Finished function ['D:\\Bharath\\bharath\\appsource\\mck_master\\views.py'] : ProfileList.get in 0:00:00.008279 seconds
2026-04-02 15:13:55,253 INFO *******Starting function ['D:\\Bharath\\bharath\\appsource\\mck_master\\views.py'] : ProfileList.post
2026-04-02 15:13:55,253 INFO *******Starting function ['D:\\Bharath\\bharath\\appsource\\mck_auth\\role_validations.py'] : validate_requested_user_function
2026-04-02 15:13:55,261 INFO *******Finished function ['D:\\Bharath\\bharath\\appsource\\mck_auth\\role_validations.py'] : validate_requested_user_function in 0:00:00.007994 seconds
2026-04-02 15:13:55,261 INFO *******Starting function ['D:\\Bharath\\bharath\\appsource\\mck_auth\\build_table.py'] : build_profile_table
2026-04-02 15:13:55,261 INFO *******Finished function ['D:\\Bharath\\bharath\\appsource\\mck_auth\\build_table.py'] : build_profile_table in 0:00:00 seconds
2026-04-02 15:13:55,262 INFO *******Starting function ['D:\\Bharath\\bharath\\appsource\\mck_master\\api.py'] : profile_load_data
2026-04-02 15:13:55,271 INFO *******Finished function ['D:\\Bharath\\bharath\\appsource\\mck_master\\api.py'] : profile_load_data in 0:00:00.008699 seconds
2026-04-02 15:13:55,271 INFO *******Finished function ['D:\\Bharath\\bharath\\appsource\\mck_master\\views.py'] : ProfileList.post in 0:00:00.017701 seconds
2026-04-03 14:55:45,281 INFO *******Starting function ['D:\\Bharath\\bharath\\appsource\\mck_auth\\views.py'] : WebsiteSignIn.get
2026-04-03 14:55:45,508 INFO *******Finished function ['D:\\Bharath\\bharath\\appsource\\mck_auth\\views.py'] : WebsiteSignIn.get in 0:00:00.225518 seconds
2026-04-03 14:55:47,070 INFO *******Starting function ['D:\\Bharath\\bharath\\appsource\\mck_auth\\views.py'] : WebsiteSignUp.get
2026-04-03 14:55:47,089 INFO *******Finished function ['D:\\Bharath\\bharath\\appsource\\mck_auth\\views.py'] : WebsiteSignUp.get in 0:00:00.018040 seconds
2026-04-03 14:59:18,722 INFO *******Starting function ['D:\\Bharath\\bharath\\appsource\\mck_auth\\views.py'] : WebsiteSignUp.get
2026-04-03 14:59:18,759 INFO *******Finished function ['D:\\Bharath\\bharath\\appsource\\mck_auth\\views.py'] : WebsiteSignUp.get in 0:00:00.036596 seconds
2026-04-03 15:00:24,165 INFO *******Starting function ['D:\\Bharath\\bharath\\appsource\\mck_auth\\views.py'] : WebsiteSignUp.get
2026-04-03 15:00:24,189 INFO *******Finished function ['D:\\Bharath\\bharath\\appsource\\mck_auth\\views.py'] : WebsiteSignUp.get in 0:00:00.024636 seconds
2026-04-03 15:02:15,609 INFO *******Starting function ['D:\\Bharath\\bharath\\appsource\\mck_auth\\views.py'] : WebsiteSignUp.get
2026-04-03 15:02:15,724 INFO *******Finished function ['D:\\Bharath\\bharath\\appsource\\mck_auth\\views.py'] : WebsiteSignUp.get in 0:00:00.115469 seconds
2026-04-03 15:02:54,300 INFO *******Starting function ['D:\\Bharath\\bharath\\appsource\\mck_auth\\views.py'] : WebsiteSignUp.post
2026-04-03 15:02:54,300 INFO Registration attempt for email: bharathmckbytes@gmail.com
2026-04-03 15:02:54,324 INFO Deleted existing OTPs for bharathmckbytes@gmail.com
2026-04-03 15:02:54,341 INFO Created new OTP for bharathmckbytes@gmail.com: 666946
2026-04-03 15:02:54,342 INFO Attempting to send OTP email to bharathmckbytes@gmail.com
2026-04-03 15:02:58,624 INFO OTP email sent successfully to bharathmckbytes@gmail.com
2026-04-03 15:02:58,624 INFO *******Finished function ['D:\\Bharath\\bharath\\appsource\\mck_auth\\views.py'] : WebsiteSignUp.post in 0:00:04.324179 seconds
2026-04-03 15:02:58,658 INFO *******Starting function ['D:\\Bharath\\bharath\\appsource\\mck_auth\\views.py'] : OTPVerificationView.get
2026-04-03 15:02:58,696 INFO *******Finished function ['D:\\Bharath\\bharath\\appsource\\mck_auth\\views.py'] : OTPVerificationView.get in 0:00:00.038664 seconds
2026-04-03 15:03:16,711 INFO *******Starting function ['D:\\Bharath\\bharath\\appsource\\mck_auth\\views.py'] : OTPVerificationView.post
2026-04-03 15:03:16,718 INFO *******Starting function ['D:\\Bharath\\bharath\\appsource\\mck_auth\\api.py'] : website_user_register
2026-04-03 15:03:17,096 ERROR Account creation failed but user was created: AccountUser.save() got an unexpected keyword argument 'force_insert'
2026-04-03 15:03:17,096 INFO User registered successfully: bharathmckbytes@gmail.com
2026-04-03 15:03:17,096 INFO *******Finished function ['D:\\Bharath\\bharath\\appsource\\mck_auth\\api.py'] : website_user_register in 0:00:00.377941 seconds
2026-04-03 15:03:17,472 INFO *******Finished function ['D:\\Bharath\\bharath\\appsource\\mck_auth\\views.py'] : OTPVerificationView.post in 0:00:00.761833 seconds
2026-04-03 15:04:26,762 INFO *******Starting function ['D:\\Bharath\\bharath\\appsource\\mck_auth\\views.py'] : WebsiteSignUp.get
2026-04-03 15:04:26,766 INFO *******Finished function ['D:\\Bharath\\bharath\\appsource\\mck_auth\\views.py'] : WebsiteSignUp.get in 0:00:00.003851 seconds
2026-04-03 15:04:27,260 INFO *******Starting function ['D:\\Bharath\\bharath\\appsource\\mck_auth\\views.py'] : WebsiteSignUp.get
2026-04-03 15:04:27,267 INFO *******Finished function ['D:\\Bharath\\bharath\\appsource\\mck_auth\\views.py'] : WebsiteSignUp.get in 0:00:00.007182 seconds
2026-04-03 15:04:40,272 INFO *******Starting function ['D:\\Bharath\\bharath\\appsource\\mck_auth\\views.py'] : WebsiteSignUp.post
2026-04-03 15:04:40,272 INFO Registration attempt for email: bb2560850@gmail.com
2026-04-03 15:04:40,279 INFO Deleted existing OTPs for bb2560850@gmail.com
2026-04-03 15:04:40,283 INFO Created new OTP for bb2560850@gmail.com: 734824
2026-04-03 15:04:40,283 INFO Attempting to send OTP email to bb2560850@gmail.com
2026-04-03 15:04:44,150 INFO OTP email sent successfully to bb2560850@gmail.com
2026-04-03 15:04:44,152 INFO *******Finished function ['D:\\Bharath\\bharath\\appsource\\mck_auth\\views.py'] : WebsiteSignUp.post in 0:00:03.879559 seconds
2026-04-03 15:04:44,174 INFO *******Starting function ['D:\\Bharath\\bharath\\appsource\\mck_auth\\views.py'] : OTPVerificationView.get
2026-04-03 15:04:44,184 INFO *******Finished function ['D:\\Bharath\\bharath\\appsource\\mck_auth\\views.py'] : OTPVerificationView.get in 0:00:00.009522 seconds
2026-04-03 15:04:44,240 INFO *******Starting function ['D:\\Bharath\\bharath\\appsource\\mck_auth\\views.py'] : OTPVerificationView.get
2026-04-03 15:04:44,243 INFO *******Finished function ['D:\\Bharath\\bharath\\appsource\\mck_auth\\views.py'] : OTPVerificationView.get in 0:00:00.003008 seconds
2026-04-03 15:04:59,901 INFO *******Starting function ['D:\\Bharath\\bharath\\appsource\\mck_auth\\views.py'] : OTPVerificationView.post
2026-04-03 15:04:59,908 INFO *******Starting function ['D:\\Bharath\\bharath\\appsource\\mck_auth\\api.py'] : website_user_register
2026-04-03 15:05:00,328 ERROR Account creation failed but user was created: AccountUser.save() got an unexpected keyword argument 'force_insert'
2026-04-03 15:05:00,328 INFO User registered successfully: bb2560850@gmail.com
2026-04-03 15:05:00,328 INFO *******Finished function ['D:\\Bharath\\bharath\\appsource\\mck_auth\\api.py'] : website_user_register in 0:00:00.420655 seconds
2026-04-03 15:05:00,709 INFO *******Finished function ['D:\\Bharath\\bharath\\appsource\\mck_auth\\views.py'] : OTPVerificationView.post in 0:00:00.807963 seconds
2026-04-03 15:07:01,133 INFO *******Starting function ['D:\\Bharath\\bharath\\appsource\\mck_auth\\views.py'] : SignIn.get
2026-04-03 15:07:01,196 INFO *******Finished function ['D:\\Bharath\\bharath\\appsource\\mck_auth\\views.py'] : SignIn.get in 0:00:00.063064 seconds
2026-04-03 15:07:11,292 INFO *******Starting function ['D:\\Bharath\\bharath\\appsource\\mck_auth\\views.py'] : SignIn.post
2026-04-03 15:07:11,292 INFO *******Starting function ['D:\\Bharath\\bharath\\appsource\\mck_auth\\api.py'] : user_login
2026-04-03 15:07:11,697 INFO request user: True
2026-04-03 15:07:11,697 INFO *******Finished function ['D:\\Bharath\\bharath\\appsource\\mck_auth\\api.py'] : user_login in 0:00:00.405637 seconds
2026-04-03 15:07:11,697 INFO True Success {'user': <User: mck>}
2026-04-03 15:07:11,697 INFO True
2026-04-03 15:07:11,697 INFO *******Finished function ['D:\\Bharath\\bharath\\appsource\\mck_auth\\views.py'] : SignIn.post in 0:00:00.405637 seconds
2026-04-03 15:07:11,706 INFO *******Starting function ['D:\\Bharath\\bharath\\appsource\\mck_admin_console\\views.py'] : LandingPage.get
2026-04-03 15:07:11,708 INFO *******Finished function ['D:\\Bharath\\bharath\\appsource\\mck_admin_console\\views.py'] : LandingPage.get in 0:00:00.001997 seconds
2026-04-03 15:07:11,715 INFO *******Starting function ['D:\\Bharath\\bharath\\appsource\\mck_admin_console\\views.py'] : DashboardView.get
2026-04-03 15:07:11,716 INFO *******Starting function ['D:\\Bharath\\bharath\\appsource\\mck_auth\\role_validations.py'] : validate_requested_user_function
2026-04-03 15:07:11,719 INFO *******Finished function ['D:\\Bharath\\bharath\\appsource\\mck_auth\\role_validations.py'] : validate_requested_user_function in 0:00:00.002755 seconds
2026-04-03 15:07:11,841 INFO *******Finished function ['D:\\Bharath\\bharath\\appsource\\mck_admin_console\\views.py'] : DashboardView.get in 0:00:00.125796 seconds
2026-04-03 15:07:15,225 INFO *******Starting function ['D:\\Bharath\\bharath\\appsource\\mck_master\\views.py'] : ProfileList.get
2026-04-03 15:07:15,225 INFO *******Starting function ['D:\\Bharath\\bharath\\appsource\\mck_auth\\role_validations.py'] : validate_requested_user_function
2026-04-03 15:07:15,228 INFO *******Finished function ['D:\\Bharath\\bharath\\appsource\\mck_auth\\role_validations.py'] : validate_requested_user_function in 0:00:00.003020 seconds
2026-04-03 15:07:15,228 INFO *******Starting function ['D:\\Bharath\\bharath\\appsource\\mck_auth\\build_table.py'] : build_profile_table
2026-04-03 15:07:15,229 INFO *******Finished function ['D:\\Bharath\\bharath\\appsource\\mck_auth\\build_table.py'] : build_profile_table in 0:00:00.000975 seconds
2026-04-03 15:07:15,237 INFO *******Finished function ['D:\\Bharath\\bharath\\appsource\\mck_master\\views.py'] : ProfileList.get in 0:00:00.012086 seconds
2026-04-03 15:07:15,485 INFO *******Starting function ['D:\\Bharath\\bharath\\appsource\\mck_master\\views.py'] : ProfileList.post
2026-04-03 15:07:15,485 INFO *******Starting function ['D:\\Bharath\\bharath\\appsource\\mck_auth\\role_validations.py'] : validate_requested_user_function
2026-04-03 15:07:15,492 INFO *******Finished function ['D:\\Bharath\\bharath\\appsource\\mck_auth\\role_validations.py'] : validate_requested_user_function in 0:00:00.007193 seconds
2026-04-03 15:07:15,492 INFO *******Starting function ['D:\\Bharath\\bharath\\appsource\\mck_auth\\build_table.py'] : build_profile_table
2026-04-03 15:07:15,492 INFO *******Finished function ['D:\\Bharath\\bharath\\appsource\\mck_auth\\build_table.py'] : build_profile_table in 0:00:00 seconds
2026-04-03 15:07:15,493 INFO *******Starting function ['D:\\Bharath\\bharath\\appsource\\mck_master\\api.py'] : profile_load_data
2026-04-03 15:07:15,501 INFO *******Finished function ['D:\\Bharath\\bharath\\appsource\\mck_master\\api.py'] : profile_load_data in 0:00:00.008002 seconds
2026-04-03 15:07:15,501 INFO *******Finished function ['D:\\Bharath\\bharath\\appsource\\mck_master\\views.py'] : ProfileList.post in 0:00:00.016197 seconds
2026-04-03 15:07:22,131 INFO *******Starting function ['D:\\Bharath\\bharath\\appsource\\mck_master\\views.py'] : ProfileUpdateView.get
2026-04-03 15:07:22,131 INFO *******Starting function ['D:\\Bharath\\bharath\\appsource\\mck_auth\\role_validations.py'] : validate_requested_user_function
2026-04-03 15:07:22,133 INFO *******Finished function ['D:\\Bharath\\bharath\\appsource\\mck_auth\\role_validations.py'] : validate_requested_user_function in 0:00:00.001998 seconds
2026-04-03 15:07:22,133 INFO *******Starting function ['D:\\Bharath\\bharath\\appsource\\mck_master\\api.py'] : profile_retrieve_data
2026-04-03 15:07:22,135 INFO *******Finished function ['D:\\Bharath\\bharath\\appsource\\mck_master\\api.py'] : profile_retrieve_data in 0:00:00.002014 seconds
2026-04-03 15:07:22,431 INFO *******Finished function ['D:\\Bharath\\bharath\\appsource\\mck_master\\views.py'] : ProfileUpdateView.get in 0:00:00.299762 seconds
2026-04-03 15:07:34,919 INFO *******Starting function ['D:\\Bharath\\bharath\\appsource\\mck_master\\views.py'] : ProfileUpdateView.post
2026-04-03 15:07:34,919 INFO *******Starting function ['D:\\Bharath\\bharath\\appsource\\mck_auth\\role_validations.py'] : validate_requested_user_function
2026-04-03 15:07:34,924 INFO *******Finished function ['D:\\Bharath\\bharath\\appsource\\mck_auth\\role_validations.py'] : validate_requested_user_function in 0:00:00.004557 seconds
2026-04-03 15:07:34,924 INFO *******Starting function ['D:\\Bharath\\bharath\\appsource\\mck_master\\api.py'] : profile_retrieve_data
2026-04-03 15:07:34,926 INFO *******Finished function ['D:\\Bharath\\bharath\\appsource\\mck_master\\api.py'] : profile_retrieve_data in 0:00:00.001727 seconds
2026-04-03 15:07:34,930 INFO *******Starting function ['D:\\Bharath\\bharath\\appsource\\mck_master\\api.py'] : profile_create_update
2026-04-03 15:07:34,933 INFO *******Finished function ['D:\\Bharath\\bharath\\appsource\\mck_master\\api.py'] : profile_create_update in 0:00:00.003129 seconds
2026-04-03 15:07:34,933 INFO *******Finished function ['D:\\Bharath\\bharath\\appsource\\mck_master\\views.py'] : ProfileUpdateView.post in 0:00:00.013873 seconds
2026-04-03 15:07:34,942 INFO *******Starting function ['D:\\Bharath\\bharath\\appsource\\mck_master\\views.py'] : ProfileList.get
2026-04-03 15:07:34,942 INFO *******Starting function ['D:\\Bharath\\bharath\\appsource\\mck_auth\\role_validations.py'] : validate_requested_user_function
2026-04-03 15:07:34,942 INFO *******Finished function ['D:\\Bharath\\bharath\\appsource\\mck_auth\\role_validations.py'] : validate_requested_user_function in 0:00:00 seconds
2026-04-03 15:07:34,942 INFO *******Starting function ['D:\\Bharath\\bharath\\appsource\\mck_auth\\build_table.py'] : build_profile_table
2026-04-03 15:07:34,942 INFO *******Finished function ['D:\\Bharath\\bharath\\appsource\\mck_auth\\build_table.py'] : build_profile_table in 0:00:00 seconds
2026-04-03 15:07:34,942 INFO *******Finished function ['D:\\Bharath\\bharath\\appsource\\mck_master\\views.py'] : ProfileList.get in 0:00:00 seconds
2026-04-03 15:07:35,107 INFO *******Starting function ['D:\\Bharath\\bharath\\appsource\\mck_master\\views.py'] : ProfileList.post
2026-04-03 15:07:35,107 INFO *******Starting function ['D:\\Bharath\\bharath\\appsource\\mck_auth\\role_validations.py'] : validate_requested_user_function
2026-04-03 15:07:35,107 INFO *******Finished function ['D:\\Bharath\\bharath\\appsource\\mck_auth\\role_validations.py'] : validate_requested_user_function in 0:00:00 seconds
2026-04-03 15:07:35,107 INFO *******Starting function ['D:\\Bharath\\bharath\\appsource\\mck_auth\\build_table.py'] : build_profile_table
2026-04-03 15:07:35,107 INFO *******Finished function ['D:\\Bharath\\bharath\\appsource\\mck_auth\\build_table.py'] : build_profile_table in 0:00:00 seconds
2026-04-03 15:07:35,107 INFO *******Starting function ['D:\\Bharath\\bharath\\appsource\\mck_master\\api.py'] : profile_load_data
2026-04-03 15:07:35,127 INFO *******Finished function ['D:\\Bharath\\bharath\\appsource\\mck_master\\api.py'] : profile_load_data in 0:00:00.019089 seconds
2026-04-03 15:07:35,127 INFO *******Finished function ['D:\\Bharath\\bharath\\appsource\\mck_master\\views.py'] : ProfileList.post in 0:00:00.019089 seconds
2026-04-03 15:07:37,947 INFO *******Starting function ['D:\\Bharath\\bharath\\appsource\\mck_master\\views.py'] : ProfileUpdateView.get
2026-04-03 15:07:37,947 INFO *******Starting function ['D:\\Bharath\\bharath\\appsource\\mck_auth\\role_validations.py'] : validate_requested_user_function
2026-04-03 15:07:37,950 INFO *******Finished function ['D:\\Bharath\\bharath\\appsource\\mck_auth\\role_validations.py'] : validate_requested_user_function in 0:00:00.002999 seconds
2026-04-03 15:07:37,950 INFO *******Starting function ['D:\\Bharath\\bharath\\appsource\\mck_master\\api.py'] : profile_retrieve_data
2026-04-03 15:07:37,952 INFO *******Finished function ['D:\\Bharath\\bharath\\appsource\\mck_master\\api.py'] : profile_retrieve_data in 0:00:00.001999 seconds
2026-04-03 15:07:38,000 INFO *******Finished function ['D:\\Bharath\\bharath\\appsource\\mck_master\\views.py'] : ProfileUpdateView.get in 0:00:00.053364 seconds
2026-04-03 15:07:48,948 INFO *******Starting function ['D:\\Bharath\\bharath\\appsource\\mck_master\\views.py'] : ProfileList.get
2026-04-03 15:07:48,948 INFO *******Starting function ['D:\\Bharath\\bharath\\appsource\\mck_auth\\role_validations.py'] : validate_requested_user_function
2026-04-03 15:07:48,950 INFO *******Finished function ['D:\\Bharath\\bharath\\appsource\\mck_auth\\role_validations.py'] : validate_requested_user_function in 0:00:00.001999 seconds
2026-04-03 15:07:48,950 INFO *******Starting function ['D:\\Bharath\\bharath\\appsource\\mck_auth\\build_table.py'] : build_profile_table
2026-04-03 15:07:48,951 INFO *******Finished function ['D:\\Bharath\\bharath\\appsource\\mck_auth\\build_table.py'] : build_profile_table in 0:00:00.001004 seconds
2026-04-03 15:07:48,955 INFO *******Finished function ['D:\\Bharath\\bharath\\appsource\\mck_master\\views.py'] : ProfileList.get in 0:00:00.007008 seconds
2026-04-03 15:07:49,075 INFO *******Starting function ['D:\\Bharath\\bharath\\appsource\\mck_master\\views.py'] : ProfileList.post
2026-04-03 15:07:49,078 INFO *******Starting function ['D:\\Bharath\\bharath\\appsource\\mck_auth\\role_validations.py'] : validate_requested_user_function
2026-04-03 15:07:49,083 INFO *******Finished function ['D:\\Bharath\\bharath\\appsource\\mck_auth\\role_validations.py'] : validate_requested_user_function in 0:00:00.005506 seconds
2026-04-03 15:07:49,083 INFO *******Starting function ['D:\\Bharath\\bharath\\appsource\\mck_auth\\build_table.py'] : build_profile_table
2026-04-03 15:07:49,083 INFO *******Finished function ['D:\\Bharath\\bharath\\appsource\\mck_auth\\build_table.py'] : build_profile_table in 0:00:00 seconds
2026-04-03 15:07:49,083 INFO *******Starting function ['D:\\Bharath\\bharath\\appsource\\mck_master\\api.py'] : profile_load_data
2026-04-03 15:07:49,100 INFO *******Finished function ['D:\\Bharath\\bharath\\appsource\\mck_master\\api.py'] : profile_load_data in 0:00:00.016006 seconds
2026-04-03 15:07:49,100 INFO *******Finished function ['D:\\Bharath\\bharath\\appsource\\mck_master\\views.py'] : ProfileList.post in 0:00:00.025507 seconds
2026-04-03 15:07:50,778 INFO *******Starting function ['D:\\Bharath\\bharath\\appsource\\mck_master\\views.py'] : ProfileUpdateView.get
2026-04-03 15:07:50,778 INFO *******Starting function ['D:\\Bharath\\bharath\\appsource\\mck_auth\\role_validations.py'] : validate_requested_user_function
2026-04-03 15:07:50,781 INFO *******Finished function ['D:\\Bharath\\bharath\\appsource\\mck_auth\\role_validations.py'] : validate_requested_user_function in 0:00:00.002998 seconds
2026-04-03 15:07:50,781 INFO *******Starting function ['D:\\Bharath\\bharath\\appsource\\mck_master\\api.py'] : profile_retrieve_data
2026-04-03 15:07:50,782 INFO *******Finished function ['D:\\Bharath\\bharath\\appsource\\mck_master\\api.py'] : profile_retrieve_data in 0:00:00.001007 seconds
2026-04-03 15:07:50,822 INFO *******Finished function ['D:\\Bharath\\bharath\\appsource\\mck_master\\views.py'] : ProfileUpdateView.get in 0:00:00.043540 seconds
2026-04-03 15:07:56,699 INFO *******Starting function ['D:\\Bharath\\bharath\\appsource\\mck_master\\views.py'] : ProfileUpdateView.post
2026-04-03 15:07:56,699 INFO *******Starting function ['D:\\Bharath\\bharath\\appsource\\mck_auth\\role_validations.py'] : validate_requested_user_function
2026-04-03 15:07:56,699 INFO *******Finished function ['D:\\Bharath\\bharath\\appsource\\mck_auth\\role_validations.py'] : validate_requested_user_function in 0:00:00 seconds
2026-04-03 15:07:56,699 INFO *******Starting function ['D:\\Bharath\\bharath\\appsource\\mck_master\\api.py'] : profile_retrieve_data
2026-04-03 15:07:56,706 INFO *******Finished function ['D:\\Bharath\\bharath\\appsource\\mck_master\\api.py'] : profile_retrieve_data in 0:00:00.007139 seconds
2026-04-03 15:07:56,710 INFO *******Starting function ['D:\\Bharath\\bharath\\appsource\\mck_master\\api.py'] : profile_create_update
2026-04-03 15:07:56,715 INFO *******Finished function ['D:\\Bharath\\bharath\\appsource\\mck_master\\api.py'] : profile_create_update in 0:00:00.004913 seconds
2026-04-03 15:07:56,716 INFO *******Finished function ['D:\\Bharath\\bharath\\appsource\\mck_master\\views.py'] : ProfileUpdateView.post in 0:00:00.017680 seconds
2026-04-03 15:07:56,721 INFO *******Starting function ['D:\\Bharath\\bharath\\appsource\\mck_master\\views.py'] : ProfileList.get
2026-04-03 15:07:56,721 INFO *******Starting function ['D:\\Bharath\\bharath\\appsource\\mck_auth\\role_validations.py'] : validate_requested_user_function
2026-04-03 15:07:56,725 INFO *******Finished function ['D:\\Bharath\\bharath\\appsource\\mck_auth\\role_validations.py'] : validate_requested_user_function in 0:00:00.004051 seconds
2026-04-03 15:07:56,725 INFO *******Starting function ['D:\\Bharath\\bharath\\appsource\\mck_auth\\build_table.py'] : build_profile_table
2026-04-03 15:07:56,725 INFO *******Finished function ['D:\\Bharath\\bharath\\appsource\\mck_auth\\build_table.py'] : build_profile_table in 0:00:00 seconds
2026-04-03 15:07:56,725 INFO *******Finished function ['D:\\Bharath\\bharath\\appsource\\mck_master\\views.py'] : ProfileList.get in 0:00:00.004051 seconds
2026-04-03 15:07:56,846 INFO *******Starting function ['D:\\Bharath\\bharath\\appsource\\mck_master\\views.py'] : ProfileList.post
2026-04-03 15:07:56,846 INFO *******Starting function ['D:\\Bharath\\bharath\\appsource\\mck_auth\\role_validations.py'] : validate_requested_user_function
2026-04-03 15:07:56,846 INFO *******Finished function ['D:\\Bharath\\bharath\\appsource\\mck_auth\\role_validations.py'] : validate_requested_user_function in 0:00:00 seconds
2026-04-03 15:07:56,846 INFO *******Starting function ['D:\\Bharath\\bharath\\appsource\\mck_auth\\build_table.py'] : build_profile_table
2026-04-03 15:07:56,846 INFO *******Finished function ['D:\\Bharath\\bharath\\appsource\\mck_auth\\build_table.py'] : build_profile_table in 0:00:00 seconds
2026-04-03 15:07:56,846 INFO *******Starting function ['D:\\Bharath\\bharath\\appsource\\mck_master\\api.py'] : profile_load_data
2026-04-03 15:07:56,866 INFO *******Finished function ['D:\\Bharath\\bharath\\appsource\\mck_master\\api.py'] : profile_load_data in 0:00:00.019680 seconds
2026-04-03 15:07:56,867 INFO *******Finished function ['D:\\Bharath\\bharath\\appsource\\mck_master\\views.py'] : ProfileList.post in 0:00:00.020675 seconds
2026-04-14 12:57:49,667 INFO *******Starting function ['C:\\mck\\appsource\\appsource\\mck_auth\\views.py'] : WebsiteSignIn.get
2026-04-14 12:57:49,858 INFO *******Finished function ['C:\\mck\\appsource\\appsource\\mck_auth\\views.py'] : WebsiteSignIn.get in 0:00:00.191121 seconds
2026-04-14 12:58:11,456 INFO *******Starting function ['C:\\mck\\appsource\\appsource\\mck_auth\\views.py'] : WebsiteSignIn.post
2026-04-14 12:58:11,456 INFO *******Starting function ['C:\\mck\\appsource\\appsource\\mck_auth\\api.py'] : user_login
2026-04-14 12:58:12,205 INFO request user: True
2026-04-14 12:58:12,205 INFO *******Finished function ['C:\\mck\\appsource\\appsource\\mck_auth\\api.py'] : user_login in 0:00:00.749856 seconds
2026-04-14 12:58:12,205 INFO True Success {'user': <User: bharathmckbytes@gmail.com>}
2026-04-14 12:58:12,205 INFO *******Finished function ['C:\\mck\\appsource\\appsource\\mck_auth\\views.py'] : WebsiteSignIn.post in 0:00:00.749856 seconds
